{
    "name": "DefaultDataLake",
    "type": "Microsoft.DataFactory/factories/linkedservices",
    "properties": {
        "description": "The default Data lake for Ingestion preparation, processing and refining",
        "annotations": [],
        "type": "AzureBlobFS",
        "typeProperties": {
            "url": "https://stem4pbddl001.dfs.core.windows.net",
            "accountKey": {
                "type": "AzureKeyVaultSecret",
                "store": {
                    "referenceName": "AzureKeyVault1",
                    "type": "LinkedServiceReference"
                },
                "secretName": "defaultdatalake"
            }
        }
    }
}