{
    "now": "2023-08-21T19:33:30.336Z",
    "perfNow": 49515.10000002384,
    "diagnosticCorrelation": "b3901c62-755d-49e5-95ae-8b5d60c1ec1a",
    "source": "DownloadSupportFiles",
    "environment": {
        "productName": "adf",
        "buildVersion": "1.0.081823.5",
        "environmentType": 3,
        "resourceName": "dfem4sdf002",
        "resourceRegion": "westeurope",
        "resourceGroup": "rgem4sbigdatafactories002",
        "subscriptionId": "4797df16-a35e-4985-a58a-3369e708b633",
        "sessionId": "M7EJ6Gpif+88YB0Lxb/LoE",
        "operationId": "",
        "gitType": "VSTS",
        "loggingKey": "a61b9fd0-f996-4611-b3ec-710573b5817b"
    },
    "additionalInfo": {
        "selectedResource": "pl_master_sycle_migration",
        "selectedResourceType": "pipeline"
    }
}