{
    "name": "mediumdatabrickscluster",
    "properties": {
        "annotations": [],
        "type": "AzureDatabricks",
        "typeProperties": {
            "domain": "https://westeurope.azuredatabricks.net",
            "accessToken": {
                "type": "AzureKeyVaultSecret",
                "store": {
                    "referenceName": "AzureKeyVault1",
                    "type": "LinkedServiceReference"
                },
                "secretName": "mediumdatabrickscluster",
                "secretVersion": ""
            },
            "existingClusterId": "0910-114555-fords55"
        }
    },
    "type": "Microsoft.DataFactory/factories/linkedservices"
}