{
    "now": "2023-08-21T16:33:40.103Z",
    "perfNow": 6185220.899999976,
    "diagnosticCorrelation": "49770771-c1ea-4635-aef0-cb9381298ae0",
    "source": "DownloadSupportFiles",
    "environment": {
        "productName": "adf",
        "buildVersion": "1.0.081823.5",
        "environmentType": 3,
        "resourceName": "dfem4pbd001",
        "resourceRegion": "westeurope",
        "resourceGroup": "rgem4pbddf001",
        "subscriptionId": "6b10cbce-3802-47ef-a739-40e1bbd16a33",
        "sessionId": "kpEMEpCWrwZOYUU7iBC39f",
        "operationId": "",
        "gitType": "live",
        "loggingKey": "1b137c1d-7502-4694-8fbd-4abcb21a8df9"
    },
    "additionalInfo": {
        "selectedResource": "pl_ingest_config_data_asql",
        "selectedResourceType": "pipeline"
    }
}