{
    "name": "ds_mysql_gen_sycle_dm_extract",
    "properties": {
        "linkedServiceName": {
            "referenceName": "ls_mysql_gen_futurology_sycle",
            "type": "LinkedServiceReference",
            "parameters": {
                "ps_secret_key": {
                    "value": "@dataset().secret_key",
                    "type": "Expression"
                }
            }
        },
        "parameters": {
            "tblname": {
                "type": "string",
                "defaultValue": "hours_open"
            },
            "secret_key": {
                "type": "string",
                "defaultValue": "futurology-sycle-uk"
            }
        },
        "folder": {
            "name": "01 - datamigration"
        },
        "annotations": [],
        "type": "MySqlTable",
        "schema": [],
        "typeProperties": {
            "tableName": {
                "value": "@dataset().tblname",
                "type": "Expression"
            }
        }
    }
}