{
    "name": "ds_parq_datalake_sycle_dm",
    "properties": {
        "linkedServiceName": {
            "referenceName": "DefaultDataLake",
            "type": "LinkedServiceReference"
        },
        "parameters": {
            "container": {
                "type": "string"
            },
            "filepath": {
                "type": "string"
            },
            "filename": {
                "type": "string"
            }
        },
        "folder": {
            "name": "01 - datamigration"
        },
        "annotations": [],
        "type": "Parquet",
        "typeProperties": {
            "location": {
                "type": "AzureBlobFSLocation",
                "fileName": {
                    "value": "@dataset().filename",
                    "type": "Expression"
                },
                "folderPath": {
                    "value": "@dataset().filepath",
                    "type": "Expression"
                },
                "fileSystem": {
                    "value": "@dataset().container",
                    "type": "Expression"
                }
            },
            "compressionCodec": "snappy"
        },
        "schema": []
    }
}