{
    "$schema": "http://schema.management.azure.com/schemas/2015-01-01/deploymentTemplate.json#",
    "contentVersion": "1.0.0.0",
    "parameters": {
        "factoryName": {
            "type": "string",
            "metadata": "Data Factory name",
            "defaultValue": "dfem4sdf002"
        },
        "ls_fileshare_datamig_connectionString": {
            "type": "secureString",
            "metadata": "Secure string for 'connectionString' of 'ls_fileshare_datamig'"
        },
        "ls_storage_accountKey": {
            "type": "secureString",
            "metadata": "Secure string for 'accountKey' of 'ls_storage'"
        },
        "dataFactory_properties_globalParameters_email_logic_app_endpoint_value": {
            "type": "string",
            "defaultValue": "https://prod-141.westeurope.logic.azure.com:443/workflows/16dc90f5376f4b9abb905a56036a9787/triggers/manual/paths/invoke?api-version=2016-10-01&sp=%2Ftriggers%2Fmanual%2Frun&sv=1.0&sig=h8MjnL-5PW4DrpqHsZVudrKXq4qiTimA1SyCqLjYRm4"
        },
        "dataFactory_properties_globalParameters_email_notifcation_endpoint_value": {
            "type": "string",
            "defaultValue": "f7e54dcd.specsavers.com@uk.teams.ms"
        },
        "dataFactory_properties_globalParameters_environment_name_value": {
            "type": "string",
            "defaultValue": "DEVELOPMENT"
        },
        "dataFactory_properties_globalParameters_mft_trigger_url_value": {
            "type": "string",
            "defaultValue": "https://mftuat.az.specsavers.com/mftapp/services/MFTEventService?WSDL"
        },
        "dataFactory_properties_globalParameters_datalake_storage_name_value": {
            "type": "string",
            "defaultValue": "dfem4sdl002"
        },
        "dataFactory_properties_globalParameters_datascience_email_notification_endpoint_value": {
            "type": "string",
            "defaultValue": "292a8656.specsavers.com@emea.teams.ms"
        },
        "dataFactory_properties_globalParameters_osb_endpoint_value": {
            "type": "string",
            "defaultValue": "https://osbpre.co.ad.specsavers.com/AudiologyCustomerUpdate/Audiology_PS"
        },
        "dataFactory_properties_globalParameters_big_data_key_vault_value": {
            "type": "string",
            "defaultValue": "https://kvem4bigdatakeys002.vault.azure.net"
        },
        "dataFactory_properties_globalConfigurations_PipelineBillingEnabled": {
            "type": "string",
            "defaultValue": "true"
        },
        "dataFactory_location": {
            "type": "string",
            "defaultValue": "westeurope"
        },
        "AzureKeyVault1_properties_typeProperties_baseUrl": {
            "type": "string",
            "defaultValue": "https://kvem4bigdatakeys002.vault.azure.net/"
        },
        "PowerBI_properties_typeProperties_url": {
            "type": "string",
            "defaultValue": "https://api.powerbi.com/v1.0/myorg/admin/"
        },
        "PowerBI_properties_typeProperties_aadResourceId": {
            "type": "string",
            "defaultValue": "https://analysis.windows.net/powerbi/api"
        },
        "facebook_api_properties_typeProperties_url": {
            "type": "string",
            "defaultValue": "https://graph.facebook.com/@{linkedService().version_param}/act_@{linkedService().ad_account}/"
        },
        "footfall_data_properties_typeProperties_url": {
            "type": "string",
            "defaultValue": "https://vemcount.app/api/v3/"
        },
        "injixo_api_properties_typeProperties_url": {
            "type": "string",
            "defaultValue": "https://legacy-api.injixo.com/v1"
        },
        "ls_storage_properties_typeProperties_url": {
            "type": "string",
            "defaultValue": "https://dfem4sdl002.dfs.core.windows.net/"
        },
        "relesys_data_properties_typeProperties_url": {
            "type": "string",
            "defaultValue": "https://api.relesysapp.net/api/v1.1/"
        },
        "relesys_oauth_properties_typeProperties_url": {
            "type": "string",
            "defaultValue": "https://api.relesysapp.net/login/oauth/authorize"
        },
        "yext_store_opening_times_properties_typeProperties_url": {
            "type": "string",
            "defaultValue": "@{linkedService().yext_api_url}"
        }
    },
    "variables": {
        "factoryId": "[concat('Microsoft.DataFactory/factories/', parameters('factoryName'))]"
    },
    "resources": [
        {
            "name": "[parameters('factoryName')]",
            "type": "Microsoft.DataFactory/factories",
            "apiVersion": "2018-06-01",
            "properties": {
                "globalParameters": {
                    "email_logic_app_endpoint": {
                        "type": "string",
                        "value": "[parameters('dataFactory_properties_globalParameters_email_logic_app_endpoint_value')]"
                    },
                    "email_notifcation_endpoint": {
                        "type": "string",
                        "value": "[parameters('dataFactory_properties_globalParameters_email_notifcation_endpoint_value')]"
                    },
                    "environment_name": {
                        "type": "string",
                        "value": "[parameters('dataFactory_properties_globalParameters_environment_name_value')]"
                    },
                    "mft_trigger_url": {
                        "type": "string",
                        "value": "[parameters('dataFactory_properties_globalParameters_mft_trigger_url_value')]"
                    },
                    "datalake_storage_name": {
                        "type": "string",
                        "value": "[parameters('dataFactory_properties_globalParameters_datalake_storage_name_value')]"
                    },
                    "datascience_email_notification_endpoint": {
                        "type": "string",
                        "value": "[parameters('dataFactory_properties_globalParameters_datascience_email_notification_endpoint_value')]"
                    },
                    "osb_endpoint": {
                        "type": "string",
                        "value": "[parameters('dataFactory_properties_globalParameters_osb_endpoint_value')]"
                    },
                    "big_data_key_vault": {
                        "type": "string",
                        "value": "[parameters('dataFactory_properties_globalParameters_big_data_key_vault_value')]"
                    }
                },
                "globalConfigurations": {
                    "PipelineBillingEnabled": "[parameters('dataFactory_properties_globalConfigurations_PipelineBillingEnabled')]"
                }
            },
            "dependsOn": [],
            "location": "[parameters('dataFactory_location')]"
        },
        {
            "name": "[concat(parameters('factoryName'), '/AzureKeyVault1')]",
            "type": "Microsoft.DataFactory/factories/linkedServices",
            "apiVersion": "2018-06-01",
            "properties": {
                "annotations": [],
                "type": "AzureKeyVault",
                "typeProperties": {
                    "baseUrl": "[parameters('AzureKeyVault1_properties_typeProperties_baseUrl')]"
                }
            },
            "dependsOn": []
        },
        {
            "name": "[concat(parameters('factoryName'), '/PowerBI')]",
            "type": "Microsoft.DataFactory/factories/linkedServices",
            "apiVersion": "2018-06-01",
            "properties": {
                "annotations": [],
                "type": "RestService",
                "typeProperties": {
                    "url": "[parameters('PowerBI_properties_typeProperties_url')]",
                    "enableServerCertificateValidation": true,
                    "authenticationType": "ManagedServiceIdentity",
                    "aadResourceId": "[parameters('PowerBI_properties_typeProperties_aadResourceId')]"
                }
            },
            "dependsOn": []
        },
        {
            "name": "[concat(parameters('factoryName'), '/facebook_api')]",
            "type": "Microsoft.DataFactory/factories/linkedServices",
            "apiVersion": "2018-06-01",
            "properties": {
                "parameters": {
                    "version_param": {
                        "type": "string"
                    },
                    "ad_account": {
                        "type": "string"
                    }
                },
                "annotations": [],
                "type": "RestService",
                "typeProperties": {
                    "url": "[parameters('facebook_api_properties_typeProperties_url')]",
                    "enableServerCertificateValidation": true,
                    "authenticationType": "Anonymous"
                }
            },
            "dependsOn": []
        },
        {
            "name": "[concat(parameters('factoryName'), '/footfall_data')]",
            "type": "Microsoft.DataFactory/factories/linkedServices",
            "apiVersion": "2018-06-01",
            "properties": {
                "annotations": [],
                "type": "RestService",
                "typeProperties": {
                    "url": "[parameters('footfall_data_properties_typeProperties_url')]",
                    "enableServerCertificateValidation": true,
                    "authenticationType": "Anonymous"
                }
            },
            "dependsOn": []
        },
        {
            "name": "[concat(parameters('factoryName'), '/injixo_api')]",
            "type": "Microsoft.DataFactory/factories/linkedServices",
            "apiVersion": "2018-06-01",
            "properties": {
                "annotations": [],
                "type": "RestService",
                "typeProperties": {
                    "url": "[parameters('injixo_api_properties_typeProperties_url')]",
                    "enableServerCertificateValidation": true,
                    "authenticationType": "Anonymous"
                }
            },
            "dependsOn": []
        },
        {
            "name": "[concat(parameters('factoryName'), '/ls_fileshare_datamig')]",
            "type": "Microsoft.DataFactory/factories/linkedServices",
            "apiVersion": "2018-06-01",
            "properties": {
                "annotations": [],
                "type": "AzureFileStorage",
                "typeProperties": {
                    "connectionString": "[parameters('ls_fileshare_datamig_connectionString')]",
                    "fileShare": "auditdatadev"
                }
            },
            "dependsOn": []
        },
        {
            "name": "[concat(parameters('factoryName'), '/ls_storage')]",
            "type": "Microsoft.DataFactory/factories/linkedServices",
            "apiVersion": "2018-06-01",
            "properties": {
                "annotations": [],
                "type": "AzureBlobFS",
                "typeProperties": {
                    "url": "[parameters('ls_storage_properties_typeProperties_url')]",
                    "accountKey": {
                        "type": "SecureString",
                        "value": "[parameters('ls_storage_accountKey')]"
                    }
                }
            },
            "dependsOn": []
        },
        {
            "name": "[concat(parameters('factoryName'), '/relesys_data')]",
            "type": "Microsoft.DataFactory/factories/linkedServices",
            "apiVersion": "2018-06-01",
            "properties": {
                "annotations": [],
                "type": "RestService",
                "typeProperties": {
                    "url": "[parameters('relesys_data_properties_typeProperties_url')]",
                    "enableServerCertificateValidation": true,
                    "authenticationType": "Anonymous"
                }
            },
            "dependsOn": []
        },
        {
            "name": "[concat(parameters('factoryName'), '/relesys_oauth')]",
            "type": "Microsoft.DataFactory/factories/linkedServices",
            "apiVersion": "2018-06-01",
            "properties": {
                "annotations": [],
                "type": "RestService",
                "typeProperties": {
                    "url": "[parameters('relesys_oauth_properties_typeProperties_url')]",
                    "enableServerCertificateValidation": true,
                    "authenticationType": "Anonymous"
                }
            },
            "dependsOn": []
        },
        {
            "name": "[concat(parameters('factoryName'), '/yext_store_opening_times')]",
            "type": "Microsoft.DataFactory/factories/linkedServices",
            "apiVersion": "2018-06-01",
            "properties": {
                "parameters": {
                    "yext_api_url": {
                        "type": "string"
                    }
                },
                "annotations": [],
                "type": "RestService",
                "typeProperties": {
                    "url": "[parameters('yext_store_opening_times_properties_typeProperties_url')]",
                    "enableServerCertificateValidation": false,
                    "authenticationType": "Anonymous"
                }
            },
            "dependsOn": []
        },
        {
            "name": "[concat(parameters('factoryName'), '/902_PII_Cleansing_Hourly')]",
            "type": "Microsoft.DataFactory/factories/triggers",
            "apiVersion": "2018-06-01",
            "properties": {
                "annotations": [],
                "runtimeState": "Stopped",
                "pipelines": [],
                "type": "ScheduleTrigger",
                "typeProperties": {
                    "recurrence": {
                        "frequency": "Hour",
                        "interval": 1,
                        "startTime": "2023-02-16T14:00:00Z",
                        "timeZone": "UTC"
                    }
                }
            },
            "dependsOn": []
        },
        {
            "name": "[concat(parameters('factoryName'), '/ADF_FailedPipelineMonitor_15mins')]",
            "type": "Microsoft.DataFactory/factories/triggers",
            "apiVersion": "2018-06-01",
            "properties": {
                "annotations": [],
                "runtimeState": "Stopped",
                "pipelines": [],
                "type": "ScheduleTrigger",
                "typeProperties": {
                    "recurrence": {
                        "frequency": "Minute",
                        "interval": 15,
                        "startTime": "2023-02-27T12:22:00Z",
                        "endTime": "2023-03-03T12:22:00Z",
                        "timeZone": "UTC"
                    }
                }
            },
            "dependsOn": []
        },
        {
            "name": "[concat(parameters('factoryName'), '/Adobe_Exports_Counts_UKCT')]",
            "type": "Microsoft.DataFactory/factories/triggers",
            "apiVersion": "2018-06-01",
            "properties": {
                "annotations": [],
                "runtimeState": "Stopped",
                "pipelines": [],
                "type": "ScheduleTrigger",
                "typeProperties": {
                    "recurrence": {
                        "frequency": "Hour",
                        "interval": 24,
                        "startTime": "2022-01-25T10:30:00",
                        "timeZone": "GMT Standard Time"
                    }
                }
            },
            "dependsOn": []
        },
        {
            "name": "[concat(parameters('factoryName'), '/BY_LCL')]",
            "type": "Microsoft.DataFactory/factories/triggers",
            "apiVersion": "2018-06-01",
            "properties": {
                "annotations": [],
                "runtimeState": "Stopped",
                "type": "TumblingWindowTrigger",
                "typeProperties": {
                    "frequency": "Hour",
                    "interval": 1,
                    "startTime": "2022-04-27T13:50:00Z",
                    "delay": "00:01:00",
                    "maxConcurrency": 1,
                    "retryPolicy": {
                        "count": 1,
                        "intervalInSeconds": 30
                    },
                    "dependsOn": []
                }
            },
            "dependsOn": []
        },
        {
            "name": "[concat(parameters('factoryName'), '/BY_LCL_Daily')]",
            "type": "Microsoft.DataFactory/factories/triggers",
            "apiVersion": "2018-06-01",
            "properties": {
                "annotations": [],
                "runtimeState": "Stopped",
                "type": "TumblingWindowTrigger",
                "typeProperties": {
                    "frequency": "Hour",
                    "interval": 24,
                    "startTime": "2022-04-28T05:10:00Z",
                    "delay": "00:01:00",
                    "maxConcurrency": 1,
                    "retryPolicy": {
                        "count": 1,
                        "intervalInSeconds": 30
                    },
                    "dependsOn": []
                }
            },
            "dependsOn": []
        },
        {
            "name": "[concat(parameters('factoryName'), '/BY_LOL')]",
            "type": "Microsoft.DataFactory/factories/triggers",
            "apiVersion": "2018-06-01",
            "properties": {
                "annotations": [],
                "runtimeState": "Stopped",
                "type": "TumblingWindowTrigger",
                "typeProperties": {
                    "frequency": "Hour",
                    "interval": 1,
                    "startTime": "2022-01-12T10:55:00Z",
                    "delay": "00:01:00",
                    "maxConcurrency": 1,
                    "retryPolicy": {
                        "count": 1,
                        "intervalInSeconds": 30
                    },
                    "dependsOn": []
                }
            },
            "dependsOn": []
        },
        {
            "name": "[concat(parameters('factoryName'), '/BY_LOL_Daily')]",
            "type": "Microsoft.DataFactory/factories/triggers",
            "apiVersion": "2018-06-01",
            "properties": {
                "annotations": [],
                "runtimeState": "Stopped",
                "type": "TumblingWindowTrigger",
                "typeProperties": {
                    "frequency": "Hour",
                    "interval": 24,
                    "startTime": "2022-04-01T01:55:00Z",
                    "delay": "00:01:00",
                    "maxConcurrency": 1,
                    "retryPolicy": {
                        "count": 1,
                        "intervalInSeconds": 30
                    },
                    "dependsOn": []
                }
            },
            "dependsOn": []
        },
        {
            "name": "[concat(parameters('factoryName'), '/BY_LOL_Full')]",
            "type": "Microsoft.DataFactory/factories/triggers",
            "apiVersion": "2018-06-01",
            "properties": {
                "annotations": [],
                "runtimeState": "Stopped",
                "type": "TumblingWindowTrigger",
                "typeProperties": {
                    "frequency": "Hour",
                    "interval": 24,
                    "startTime": "2022-03-29T15:48:00Z",
                    "delay": "00:01:00",
                    "maxConcurrency": 1,
                    "retryPolicy": {
                        "count": 1,
                        "intervalInSeconds": 30
                    },
                    "dependsOn": []
                }
            },
            "dependsOn": []
        },
        {
            "name": "[concat(parameters('factoryName'), '/BY_NLX')]",
            "type": "Microsoft.DataFactory/factories/triggers",
            "apiVersion": "2018-06-01",
            "properties": {
                "annotations": [],
                "runtimeState": "Stopped",
                "type": "TumblingWindowTrigger",
                "typeProperties": {
                    "frequency": "Hour",
                    "interval": 1,
                    "startTime": "2022-01-12T10:55:00Z",
                    "delay": "00:01:00",
                    "maxConcurrency": 1,
                    "retryPolicy": {
                        "count": 1,
                        "intervalInSeconds": 30
                    },
                    "dependsOn": []
                }
            },
            "dependsOn": []
        }
    ]
}