{
    "$schema": "http://schema.management.azure.com/schemas/2015-01-01/deploymentTemplate.json#",
    "contentVersion": "1.0.0.0",
    "parameters": {
        "factoryName": {
            "type": "string",
            "metadata": "Data Factory name",
            "defaultValue": "dfem4sdf002"
        },
        "cassiopeia_sftp_passPhrase": {
            "type": "secureString",
            "metadata": "Secure string for 'passPhrase' of 'cassiopeia_sftp'"
        },
        "domstorage_connectionString": {
            "type": "secureString",
            "metadata": "Secure string for 'connectionString' of 'domstorage'",
            "defaultValue": "DefaultEndpointsProtocol=https;AccountName=stem4dfdominvscanner001;"
        },
        "liab_nlrx_connectionString": {
            "type": "secureString",
            "metadata": "Secure string for 'connectionString' of 'liab_nlrx'"
        },
        "XAL_properties_typeProperties_connectionString_secretName": {
            "type": "string",
            "defaultValue": "XAL"
        },
        "acousoft_sftp_properties_typeProperties_host": {
            "type": "string",
            "defaultValue": "sftp.acousoft.nl"
        },
        "acousoft_sftp_properties_typeProperties_userName": {
            "type": "string",
            "defaultValue": "pentaho"
        },
        "aurora_Rockit_properties_typeProperties_connectionString_secretName": {
            "type": "string",
            "defaultValue": "auroraRockit"
        },
        "cassiopeia_sftp_properties_typeProperties_host": {
            "type": "string",
            "defaultValue": "cassiopeia.gg.specsavers.com"
        },
        "cassiopeia_sftp_properties_typeProperties_userName": {
            "type": "string",
            "defaultValue": "transfer"
        },
        "defaultSQLdatabase_properties_typeProperties_connectionString_secretName": {
            "type": "string",
            "defaultValue": "defaultSQLdatabase"
        },
        "generaldatabrickscluster_properties_typeProperties_existingClusterId": {
            "type": "string",
            "defaultValue": "0910-114555-fords55"
        },
        "gg_wait_times_properties_typeProperties_connectionString_secretName": {
            "type": "string",
            "defaultValue": "gg-wait-times"
        },
        "infomedics_sftp_properties_typeProperties_host": {
            "type": "string",
            "defaultValue": "84.252.124.87"
        },
        "infomedics_sftp_properties_typeProperties_userName": {
            "type": "string",
            "defaultValue": "sftp_specsavers"
        },
        "inventory_mysql_ls_properties_typeProperties_connectionString_secretName": {
            "type": "string",
            "defaultValue": "@linkedService().kv_secret_name"
        },
        "liab_mysql_properties_typeProperties_connectionString_secretName": {
            "type": "string",
            "defaultValue": "@linkedService().DBSOURCE"
        },
        "ls_mysql_gen_futurology_sycle_properties_typeProperties_connectionString_secretName": {
            "type": "string",
            "defaultValue": "@linkedService().ps_secret_key"
        },
        "mediumdatabrickscluster_properties_typeProperties_existingClusterId": {
            "type": "string",
            "defaultValue": "0910-114555-fords55"
        },
        "miportal_mysql_preprod_properties_typeProperties_connectionString_secretName": {
            "type": "string",
            "defaultValue": "miportal-mysql-preprod"
        },
        "miportal_mysql_prod_properties_typeProperties_connectionString_secretName": {
            "type": "string",
            "defaultValue": "miportal-mysql-prod"
        },
        "mssql_shir_properties_typeProperties_connectionString_secretName": {
            "type": "string",
            "defaultValue": "@linkedService().p_kv_secret_name"
        },
        "ne_frame_inventory_properties_typeProperties_connectionString_secretName": {
            "type": "string",
            "defaultValue": "ne-frame-inventory-storage"
        },
        "ne_screener_properties_typeProperties_connectionString_secretName": {
            "type": "string",
            "defaultValue": "ne-screener-storage"
        }
    },
    "variables": {
        "factoryId": "[concat('Microsoft.DataFactory/factories/', parameters('factoryName'))]"
    },
    "resources": [
        {
            "name": "[concat(parameters('factoryName'), '/XAL')]",
            "type": "Microsoft.DataFactory/factories/linkedServices",
            "apiVersion": "2018-06-01",
            "properties": {
                "annotations": [],
                "type": "Oracle",
                "typeProperties": {
                    "connectionString": {
                        "type": "AzureKeyVaultSecret",
                        "store": {
                            "referenceName": "AzureKeyVault1",
                            "type": "LinkedServiceReference"
                        },
                        "secretName": "[parameters('XAL_properties_typeProperties_connectionString_secretName')]"
                    }
                },
                "connectVia": {
                    "referenceName": "SHIRBigdata",
                    "type": "IntegrationRuntimeReference"
                }
            },
            "dependsOn": []
        },
        {
            "name": "[concat(parameters('factoryName'), '/acousoft_sftp')]",
            "type": "Microsoft.DataFactory/factories/linkedServices",
            "apiVersion": "2018-06-01",
            "properties": {
                "description": "connection to acousoft sFTP server",
                "annotations": [],
                "type": "Sftp",
                "typeProperties": {
                    "host": "[parameters('acousoft_sftp_properties_typeProperties_host')]",
                    "port": 22,
                    "skipHostKeyValidation": true,
                    "authenticationType": "Basic",
                    "userName": "[parameters('acousoft_sftp_properties_typeProperties_userName')]",
                    "password": {
                        "type": "AzureKeyVaultSecret",
                        "store": {
                            "referenceName": "AzureKeyVault1",
                            "type": "LinkedServiceReference"
                        },
                        "secretName": "acousoftsftp"
                    }
                }
            },
            "dependsOn": []
        },
        {
            "name": "[concat(parameters('factoryName'), '/aurora_Rockit')]",
            "type": "Microsoft.DataFactory/factories/linkedServices",
            "apiVersion": "2018-06-01",
            "properties": {
                "description": "handi-ecs-sds-uat-5-integ-eu-west-1.nonprod.innov8.space",
                "annotations": [],
                "type": "MySql",
                "typeProperties": {
                    "connectionString": {
                        "type": "AzureKeyVaultSecret",
                        "store": {
                            "referenceName": "AzureKeyVault1",
                            "type": "LinkedServiceReference"
                        },
                        "secretName": "[parameters('aurora_Rockit_properties_typeProperties_connectionString_secretName')]"
                    }
                },
                "connectVia": {
                    "referenceName": "SHIRBigdata",
                    "type": "IntegrationRuntimeReference"
                }
            },
            "dependsOn": []
        },
        {
            "name": "[concat(parameters('factoryName'), '/cassiopeia_sftp')]",
            "type": "Microsoft.DataFactory/factories/linkedServices",
            "apiVersion": "2018-06-01",
            "properties": {
                "annotations": [],
                "type": "Sftp",
                "typeProperties": {
                    "host": "[parameters('cassiopeia_sftp_properties_typeProperties_host')]",
                    "port": 22,
                    "skipHostKeyValidation": true,
                    "authenticationType": "SshPublicKey",
                    "userName": "[parameters('cassiopeia_sftp_properties_typeProperties_userName')]",
                    "privateKeyContent": {
                        "type": "AzureKeyVaultSecret",
                        "store": {
                            "referenceName": "AzureKeyVault1",
                            "type": "LinkedServiceReference"
                        },
                        "secretName": "onprem-ssh-private-key"
                    },
                    "passPhrase": {
                        "type": "SecureString",
                        "value": "[parameters('cassiopeia_sftp_passPhrase')]"
                    }
                },
                "connectVia": {
                    "referenceName": "SHIRBigdata",
                    "type": "IntegrationRuntimeReference"
                }
            },
            "dependsOn": []
        },
        {
            "name": "[concat(parameters('factoryName'), '/defaultSQLdatabase')]",
            "type": "Microsoft.DataFactory/factories/linkedServices",
            "apiVersion": "2018-06-01",
            "properties": {
                "annotations": [],
                "type": "AzureSqlDatabase",
                "typeProperties": {
                    "connectionString": {
                        "type": "AzureKeyVaultSecret",
                        "store": {
                            "referenceName": "AzureKeyVault1",
                            "type": "LinkedServiceReference"
                        },
                        "secretName": "[parameters('defaultSQLdatabase_properties_typeProperties_connectionString_secretName')]"
                    }
                }
            },
            "dependsOn": []
        },
        {
            "name": "[concat(parameters('factoryName'), '/domstorage')]",
            "type": "Microsoft.DataFactory/factories/linkedServices",
            "apiVersion": "2018-06-01",
            "properties": {
                "annotations": [],
                "type": "AzureBlobStorage",
                "typeProperties": {
                    "connectionString": "[parameters('domstorage_connectionString')]",
                    "accountKey": {
                        "type": "AzureKeyVaultSecret",
                        "store": {
                            "referenceName": "AzureKeyVault1",
                            "type": "LinkedServiceReference"
                        },
                        "secretName": "domstorage"
                    }
                }
            },
            "dependsOn": []
        },
        {
            "name": "[concat(parameters('factoryName'), '/general_cluster_pool')]",
            "type": "Microsoft.DataFactory/factories/linkedServices",
            "apiVersion": "2018-06-01",
            "properties": {
                "annotations": [],
                "type": "AzureDatabricks",
                "typeProperties": {
                    "domain": "https://westeurope.azuredatabricks.net",
                    "accessToken": {
                        "type": "AzureKeyVaultSecret",
                        "store": {
                            "referenceName": "AzureKeyVault1",
                            "type": "LinkedServiceReference"
                        },
                        "secretName": "generaldatabrickscluster"
                    },
                    "instancePoolId": "1115-114409-pests100-pool-4o734loh",
                    "newClusterNumOfWorker": "1:4",
                    "newClusterSparkEnvVars": {
                        "PYSPARK_PYTHON": "/databricks/python3/bin/python3"
                    },
                    "newClusterVersion": "11.3.x-scala2.12",
                    "newClusterInitScripts": [],
                    "clusterOption": "Autoscaling"
                }
            },
            "dependsOn": []
        },
        {
            "name": "[concat(parameters('factoryName'), '/generaldatabrickscluster')]",
            "type": "Microsoft.DataFactory/factories/linkedServices",
            "apiVersion": "2018-06-01",
            "properties": {
                "annotations": [],
                "type": "AzureDatabricks",
                "typeProperties": {
                    "domain": "https://westeurope.azuredatabricks.net",
                    "accessToken": {
                        "type": "AzureKeyVaultSecret",
                        "store": {
                            "referenceName": "AzureKeyVault1",
                            "type": "LinkedServiceReference"
                        },
                        "secretName": "generaldatabrickscluster",
                        "secretVersion": ""
                    },
                    "existingClusterId": "[parameters('generaldatabrickscluster_properties_typeProperties_existingClusterId')]"
                }
            },
            "dependsOn": []
        },
        {
            "name": "[concat(parameters('factoryName'), '/gg_wait_times')]",
            "type": "Microsoft.DataFactory/factories/linkedServices",
            "apiVersion": "2018-06-01",
            "properties": {
                "annotations": [],
                "type": "MySql",
                "typeProperties": {
                    "connectionString": {
                        "type": "AzureKeyVaultSecret",
                        "store": {
                            "referenceName": "AzureKeyVault1",
                            "type": "LinkedServiceReference"
                        },
                        "secretName": "[parameters('gg_wait_times_properties_typeProperties_connectionString_secretName')]"
                    }
                },
                "connectVia": {
                    "referenceName": "SHIRBigdata",
                    "type": "IntegrationRuntimeReference"
                }
            },
            "dependsOn": []
        },
        {
            "name": "[concat(parameters('factoryName'), '/infomedics_sftp')]",
            "type": "Microsoft.DataFactory/factories/linkedServices",
            "apiVersion": "2018-06-01",
            "properties": {
                "annotations": [],
                "type": "Sftp",
                "typeProperties": {
                    "host": "[parameters('infomedics_sftp_properties_typeProperties_host')]",
                    "port": 22,
                    "skipHostKeyValidation": true,
                    "authenticationType": "Basic",
                    "userName": "[parameters('infomedics_sftp_properties_typeProperties_userName')]",
                    "password": {
                        "type": "AzureKeyVaultSecret",
                        "store": {
                            "referenceName": "AzureKeyVault1",
                            "type": "LinkedServiceReference"
                        },
                        "secretName": "infomedics-sftp"
                    }
                },
                "connectVia": {
                    "referenceName": "SHIRBigdata",
                    "type": "IntegrationRuntimeReference"
                }
            },
            "dependsOn": []
        },
        {
            "name": "[concat(parameters('factoryName'), '/inventory_mysql_ls')]",
            "type": "Microsoft.DataFactory/factories/linkedServices",
            "apiVersion": "2018-06-01",
            "properties": {
                "parameters": {
                    "kv_secret_name": {
                        "type": "string",
                        "defaultValue": "zz-liab-airways"
                    }
                },
                "annotations": [],
                "type": "MySql",
                "typeProperties": {
                    "connectionString": {
                        "type": "AzureKeyVaultSecret",
                        "store": {
                            "referenceName": "AzureKeyVault1",
                            "type": "LinkedServiceReference"
                        },
                        "secretName": {
                            "value": "[parameters('inventory_mysql_ls_properties_typeProperties_connectionString_secretName')]",
                            "type": "Expression"
                        }
                    }
                },
                "connectVia": {
                    "referenceName": "SHIRBigdata",
                    "type": "IntegrationRuntimeReference"
                }
            },
            "dependsOn": []
        },
        {
            "name": "[concat(parameters('factoryName'), '/liab_mysql')]",
            "type": "Microsoft.DataFactory/factories/linkedServices",
            "apiVersion": "2018-06-01",
            "properties": {
                "description": "Uses DBSOURCE get correct Connection string from keyvault.  Keyvault needs match source( except for _ replaced by - ) Why do they do that to us!",
                "parameters": {
                    "DBSOURCE": {
                        "type": "string"
                    }
                },
                "annotations": [],
                "type": "MySql",
                "typeProperties": {
                    "connectionString": {
                        "type": "AzureKeyVaultSecret",
                        "store": {
                            "referenceName": "AzureKeyVault1",
                            "type": "LinkedServiceReference"
                        },
                        "secretName": {
                            "value": "[parameters('liab_mysql_properties_typeProperties_connectionString_secretName')]",
                            "type": "Expression"
                        }
                    }
                },
                "connectVia": {
                    "referenceName": "SHIRBigdata",
                    "type": "IntegrationRuntimeReference"
                }
            },
            "dependsOn": []
        },
        {
            "name": "[concat(parameters('factoryName'), '/liab_nlrx')]",
            "type": "Microsoft.DataFactory/factories/linkedServices",
            "apiVersion": "2018-06-01",
            "properties": {
                "parameters": {
                    "SCHEMA": {
                        "type": "String"
                    }
                },
                "annotations": [],
                "type": "MySql",
                "typeProperties": {
                    "connectionString": "[parameters('liab_nlrx_connectionString')]"
                },
                "connectVia": {
                    "referenceName": "SHIRBigdata",
                    "type": "IntegrationRuntimeReference"
                }
            },
            "dependsOn": []
        },
        {
            "name": "[concat(parameters('factoryName'), '/ls_mysql_gen_futurology_sycle')]",
            "type": "Microsoft.DataFactory/factories/linkedServices",
            "apiVersion": "2018-06-01",
            "properties": {
                "description": "This connection is for the below secrets \n-\tfuturology-sycle-uk\n-\tfuturology-sycle-roi\n",
                "parameters": {
                    "ps_secret_key": {
                        "type": "string",
                        "defaultValue": "futurology-sycle-uk"
                    }
                },
                "annotations": [],
                "type": "MySql",
                "typeProperties": {
                    "connectionString": {
                        "type": "AzureKeyVaultSecret",
                        "store": {
                            "referenceName": "AzureKeyVault1",
                            "type": "LinkedServiceReference"
                        },
                        "secretName": {
                            "value": "[parameters('ls_mysql_gen_futurology_sycle_properties_typeProperties_connectionString_secretName')]",
                            "type": "Expression"
                        }
                    }
                },
                "connectVia": {
                    "referenceName": "SHIRBigdata",
                    "type": "IntegrationRuntimeReference"
                }
            },
            "dependsOn": []
        },
        {
            "name": "[concat(parameters('factoryName'), '/mediumdatabrickscluster')]",
            "type": "Microsoft.DataFactory/factories/linkedServices",
            "apiVersion": "2018-06-01",
            "properties": {
                "annotations": [],
                "type": "AzureDatabricks",
                "typeProperties": {
                    "domain": "https://westeurope.azuredatabricks.net",
                    "accessToken": {
                        "type": "AzureKeyVaultSecret",
                        "store": {
                            "referenceName": "AzureKeyVault1",
                            "type": "LinkedServiceReference"
                        },
                        "secretName": "mediumdatabrickscluster",
                        "secretVersion": ""
                    },
                    "existingClusterId": "[parameters('mediumdatabrickscluster_properties_typeProperties_existingClusterId')]"
                }
            },
            "dependsOn": []
        },
        {
            "name": "[concat(parameters('factoryName'), '/miportal_mysql_preprod')]",
            "type": "Microsoft.DataFactory/factories/linkedServices",
            "apiVersion": "2018-06-01",
            "properties": {
                "annotations": [],
                "type": "MySql",
                "typeProperties": {
                    "connectionString": {
                        "type": "AzureKeyVaultSecret",
                        "store": {
                            "referenceName": "AzureKeyVault1",
                            "type": "LinkedServiceReference"
                        },
                        "secretName": "[parameters('miportal_mysql_preprod_properties_typeProperties_connectionString_secretName')]"
                    }
                },
                "connectVia": {
                    "referenceName": "SHIRBigdata",
                    "type": "IntegrationRuntimeReference"
                }
            },
            "dependsOn": []
        },
        {
            "name": "[concat(parameters('factoryName'), '/miportal_mysql_prod')]",
            "type": "Microsoft.DataFactory/factories/linkedServices",
            "apiVersion": "2018-06-01",
            "properties": {
                "annotations": [],
                "type": "MySql",
                "typeProperties": {
                    "connectionString": {
                        "type": "AzureKeyVaultSecret",
                        "store": {
                            "referenceName": "AzureKeyVault1",
                            "type": "LinkedServiceReference"
                        },
                        "secretName": "[parameters('miportal_mysql_prod_properties_typeProperties_connectionString_secretName')]"
                    }
                },
                "connectVia": {
                    "referenceName": "SHIRBigdata",
                    "type": "IntegrationRuntimeReference"
                }
            },
            "dependsOn": []
        },
        {
            "name": "[concat(parameters('factoryName'), '/mssql_shir')]",
            "type": "Microsoft.DataFactory/factories/linkedServices",
            "apiVersion": "2018-06-01",
            "properties": {
                "parameters": {
                    "p_kv_secret_name": {
                        "type": "string"
                    }
                },
                "annotations": [],
                "type": "AzureSqlDatabase",
                "typeProperties": {
                    "connectionString": {
                        "type": "AzureKeyVaultSecret",
                        "store": {
                            "referenceName": "AzureKeyVault1",
                            "type": "LinkedServiceReference"
                        },
                        "secretName": {
                            "value": "[parameters('mssql_shir_properties_typeProperties_connectionString_secretName')]",
                            "type": "Expression"
                        }
                    }
                },
                "connectVia": {
                    "referenceName": "SHIRBigdata",
                    "type": "IntegrationRuntimeReference"
                }
            },
            "dependsOn": []
        },
        {
            "name": "[concat(parameters('factoryName'), '/ne_frame_inventory')]",
            "type": "Microsoft.DataFactory/factories/linkedServices",
            "apiVersion": "2018-06-01",
            "properties": {
                "annotations": [],
                "type": "AzureBlobStorage",
                "typeProperties": {
                    "connectionString": {
                        "type": "AzureKeyVaultSecret",
                        "store": {
                            "referenceName": "AzureKeyVault1",
                            "type": "LinkedServiceReference"
                        },
                        "secretName": "[parameters('ne_frame_inventory_properties_typeProperties_connectionString_secretName')]"
                    }
                }
            },
            "dependsOn": []
        },
        {
            "name": "[concat(parameters('factoryName'), '/ne_screener')]",
            "type": "Microsoft.DataFactory/factories/linkedServices",
            "apiVersion": "2018-06-01",
            "properties": {
                "annotations": [],
                "type": "AzureBlobStorage",
                "typeProperties": {
                    "connectionString": {
                        "type": "AzureKeyVaultSecret",
                        "store": {
                            "referenceName": "AzureKeyVault1",
                            "type": "LinkedServiceReference"
                        },
                        "secretName": "[parameters('ne_screener_properties_typeProperties_connectionString_secretName')]"
                    }
                }
            },
            "dependsOn": []
        }
    ]
}