{
    "$schema": "http://schema.management.azure.com/schemas/2015-01-01/deploymentTemplate.json#",
    "contentVersion": "1.0.0.0",
    "parameters": {
        "factoryName": {
            "type": "string",
            "metadata": "Data Factory name",
            "defaultValue": "dfem4sdf002"
        },
        "Error Logs_properties_typeProperties_scope": {
            "type": "string",
            "defaultValue": "/subscriptions/4797df16-a35e-4985-a58a-3369e708b633/resourceGroups/rgem4sbigdatalakes002/providers/Microsoft.Storage/storageAccounts/dfem4sdl002"
        }
    },
    "variables": {
        "factoryId": "[concat('Microsoft.DataFactory/factories/', parameters('factoryName'))]"
    },
    "resources": [
        {
            "name": "[concat(parameters('factoryName'), '/CLSP_Mid_Term_Rx')]",
            "type": "Microsoft.DataFactory/factories/triggers",
            "apiVersion": "2018-06-01",
            "properties": {
                "annotations": [],
                "runtimeState": "Stopped",
                "pipelines": [],
                "type": "ScheduleTrigger",
                "typeProperties": {
                    "recurrence": {
                        "frequency": "Day",
                        "interval": 1,
                        "startTime": "2021-03-30T11:00:00",
                        "timeZone": "GMT Standard Time",
                        "schedule": {
                            "minutes": [
                                0
                            ],
                            "hours": [
                                4
                            ]
                        }
                    }
                }
            },
            "dependsOn": []
        },
        {
            "name": "[concat(parameters('factoryName'), '/CLSP_aftercare_expiry')]",
            "type": "Microsoft.DataFactory/factories/triggers",
            "apiVersion": "2018-06-01",
            "properties": {
                "annotations": [],
                "runtimeState": "Stopped",
                "pipelines": [],
                "type": "ScheduleTrigger",
                "typeProperties": {
                    "recurrence": {
                        "frequency": "Week",
                        "interval": 1,
                        "startTime": "2021-01-14T04:18:00",
                        "timeZone": "GMT Standard Time",
                        "schedule": {
                            "minutes": [
                                0
                            ],
                            "hours": [
                                4
                            ],
                            "weekDays": [
                                "Monday"
                            ]
                        }
                    }
                }
            },
            "dependsOn": []
        },
        {
            "name": "[concat(parameters('factoryName'), '/CLSP_dd01_daily')]",
            "type": "Microsoft.DataFactory/factories/triggers",
            "apiVersion": "2018-06-01",
            "properties": {
                "annotations": [],
                "runtimeState": "Stopped",
                "pipelines": [],
                "type": "ScheduleTrigger",
                "typeProperties": {
                    "recurrence": {
                        "frequency": "Day",
                        "interval": 1,
                        "startTime": "2022-11-08T14:24:00",
                        "timeZone": "GMT Standard Time",
                        "schedule": {
                            "minutes": [
                                45
                            ],
                            "hours": [
                                14
                            ]
                        }
                    }
                }
            },
            "dependsOn": []
        },
        {
            "name": "[concat(parameters('factoryName'), '/CLSP_dd01_weekly')]",
            "type": "Microsoft.DataFactory/factories/triggers",
            "apiVersion": "2018-06-01",
            "properties": {
                "annotations": [],
                "runtimeState": "Stopped",
                "pipelines": [],
                "type": "ScheduleTrigger",
                "typeProperties": {
                    "recurrence": {
                        "frequency": "Week",
                        "interval": 1,
                        "startTime": "2022-07-29T00:50:00",
                        "timeZone": "GMT Standard Time",
                        "schedule": {
                            "minutes": [
                                0
                            ],
                            "hours": [
                                15
                            ],
                            "weekDays": [
                                "Sunday"
                            ]
                        }
                    }
                }
            },
            "dependsOn": []
        },
        {
            "name": "[concat(parameters('factoryName'), '/CORA Refined')]",
            "type": "Microsoft.DataFactory/factories/triggers",
            "apiVersion": "2018-06-01",
            "properties": {
                "annotations": [],
                "runtimeState": "Stopped",
                "pipelines": [],
                "type": "ScheduleTrigger",
                "typeProperties": {
                    "recurrence": {
                        "frequency": "Day",
                        "interval": 1,
                        "startTime": "2023-02-01T14:59:00Z",
                        "timeZone": "UTC",
                        "schedule": {
                            "minutes": [
                                0
                            ],
                            "hours": [
                                6
                            ]
                        }
                    }
                }
            },
            "dependsOn": []
        },
        {
            "name": "[concat(parameters('factoryName'), '/CORA Refresh Lookups')]",
            "type": "Microsoft.DataFactory/factories/triggers",
            "apiVersion": "2018-06-01",
            "properties": {
                "annotations": [],
                "runtimeState": "Stopped",
                "pipelines": [],
                "type": "ScheduleTrigger",
                "typeProperties": {
                    "recurrence": {
                        "frequency": "Day",
                        "interval": 1,
                        "startTime": "2023-02-01T14:55:00Z",
                        "timeZone": "UTC",
                        "schedule": {
                            "minutes": [
                                0
                            ],
                            "hours": [
                                18
                            ]
                        }
                    }
                }
            },
            "dependsOn": []
        },
        {
            "name": "[concat(parameters('factoryName'), '/Clinical_Outcome_Refined')]",
            "type": "Microsoft.DataFactory/factories/triggers",
            "apiVersion": "2018-06-01",
            "properties": {
                "description": "New COR Report trigger",
                "annotations": [],
                "runtimeState": "Stopped",
                "pipelines": [],
                "type": "ScheduleTrigger",
                "typeProperties": {
                    "recurrence": {
                        "frequency": "Day",
                        "interval": 1,
                        "startTime": "2021-03-01T04:00:00",
                        "timeZone": "GMT Standard Time",
                        "schedule": {
                            "minutes": [
                                0
                            ],
                            "hours": [
                                5
                            ]
                        }
                    }
                }
            },
            "dependsOn": []
        },
        {
            "name": "[concat(parameters('factoryName'), '/Customer Refined')]",
            "type": "Microsoft.DataFactory/factories/triggers",
            "apiVersion": "2018-06-01",
            "properties": {
                "annotations": [],
                "runtimeState": "Stopped",
                "pipelines": [],
                "type": "ScheduleTrigger",
                "typeProperties": {
                    "recurrence": {
                        "frequency": "Hour",
                        "interval": 24,
                        "startTime": "2019-10-22T23:00:00Z",
                        "timeZone": "UTC"
                    }
                }
            },
            "dependsOn": []
        },
        {
            "name": "[concat(parameters('factoryName'), '/Customer_Efficiency_Refined')]",
            "type": "Microsoft.DataFactory/factories/triggers",
            "apiVersion": "2018-06-01",
            "properties": {
                "annotations": [],
                "runtimeState": "Stopped",
                "pipelines": [],
                "type": "ScheduleTrigger",
                "typeProperties": {
                    "recurrence": {
                        "frequency": "Day",
                        "interval": 1,
                        "startTime": "2021-04-10T02:00:00",
                        "timeZone": "GMT Standard Time",
                        "schedule": {
                            "minutes": [
                                0
                            ],
                            "hours": [
                                2
                            ]
                        }
                    }
                }
            },
            "dependsOn": []
        },
        {
            "name": "[concat(parameters('factoryName'), '/DL_to_Maze_Export')]",
            "type": "Microsoft.DataFactory/factories/triggers",
            "apiVersion": "2018-06-01",
            "properties": {
                "annotations": [],
                "runtimeState": "Stopped",
                "pipelines": [],
                "type": "ScheduleTrigger",
                "typeProperties": {
                    "recurrence": {
                        "frequency": "Day",
                        "interval": 1,
                        "startTime": "2021-11-02T11:00:00Z",
                        "timeZone": "UTC",
                        "schedule": {
                            "minutes": [
                                0
                            ],
                            "hours": [
                                8
                            ]
                        }
                    }
                }
            },
            "dependsOn": []
        },
        {
            "name": "[concat(parameters('factoryName'), '/DO Refined')]",
            "type": "Microsoft.DataFactory/factories/triggers",
            "apiVersion": "2018-06-01",
            "properties": {
                "annotations": [],
                "runtimeState": "Stopped",
                "pipelines": [],
                "type": "ScheduleTrigger",
                "typeProperties": {
                    "recurrence": {
                        "frequency": "Month",
                        "interval": 1,
                        "startTime": "2022-08-01T08:29:00",
                        "timeZone": "GMT Standard Time",
                        "schedule": {
                            "minutes": [
                                30
                            ],
                            "hours": [
                                6
                            ],
                            "monthDays": [
                                1
                            ]
                        }
                    }
                }
            },
            "dependsOn": []
        },
        {
            "name": "[concat(parameters('factoryName'), '/DataMigration')]",
            "type": "Microsoft.DataFactory/factories/triggers",
            "apiVersion": "2018-06-01",
            "properties": {
                "annotations": [],
                "runtimeState": "Stopped",
                "pipelines": [],
                "type": "ScheduleTrigger",
                "typeProperties": {
                    "recurrence": {
                        "frequency": "Day",
                        "interval": 15,
                        "startTime": "2022-05-24T19:00:00",
                        "endTime": "2022-05-25T16:03:00",
                        "timeZone": "GMT Standard Time"
                    }
                }
            },
            "dependsOn": []
        },
        {
            "name": "[concat(parameters('factoryName'), '/EBS_Hourly')]",
            "type": "Microsoft.DataFactory/factories/triggers",
            "apiVersion": "2018-06-01",
            "properties": {
                "annotations": [],
                "runtimeState": "Stopped",
                "type": "TumblingWindowTrigger",
                "typeProperties": {
                    "frequency": "Hour",
                    "interval": 1,
                    "startTime": "2021-11-17T09:00:00Z",
                    "delay": "00:00:00",
                    "maxConcurrency": 1,
                    "retryPolicy": {
                        "count": 1,
                        "intervalInSeconds": 30
                    },
                    "dependsOn": []
                }
            },
            "dependsOn": []
        },
        {
            "name": "[concat(parameters('factoryName'), '/EBS_Tactical_Afternoon')]",
            "type": "Microsoft.DataFactory/factories/triggers",
            "apiVersion": "2018-06-01",
            "properties": {
                "annotations": [],
                "runtimeState": "Stopped",
                "pipelines": [],
                "type": "ScheduleTrigger",
                "typeProperties": {
                    "recurrence": {
                        "frequency": "Hour",
                        "interval": 24,
                        "startTime": "2022-11-02T13:00:00",
                        "timeZone": "GMT Standard Time"
                    }
                }
            },
            "dependsOn": []
        },
        {
            "name": "[concat(parameters('factoryName'), '/EBS_Trigger_Morning')]",
            "type": "Microsoft.DataFactory/factories/triggers",
            "apiVersion": "2018-06-01",
            "properties": {
                "annotations": [],
                "runtimeState": "Stopped",
                "pipelines": [],
                "type": "ScheduleTrigger",
                "typeProperties": {
                    "recurrence": {
                        "frequency": "Hour",
                        "interval": 24,
                        "startTime": "2022-11-02T05:00:00",
                        "timeZone": "GMT Standard Time"
                    }
                }
            },
            "dependsOn": []
        },
        {
            "name": "[concat(parameters('factoryName'), '/EBS_daily')]",
            "type": "Microsoft.DataFactory/factories/triggers",
            "apiVersion": "2018-06-01",
            "properties": {
                "annotations": [],
                "runtimeState": "Stopped",
                "type": "TumblingWindowTrigger",
                "typeProperties": {
                    "frequency": "Hour",
                    "interval": 24,
                    "startTime": "2022-02-17T01:00:00Z",
                    "delay": "00:01:00",
                    "maxConcurrency": 1,
                    "retryPolicy": {
                        "count": 1,
                        "intervalInSeconds": 300
                    },
                    "dependsOn": []
                }
            },
            "dependsOn": []
        },
        {
            "name": "[concat(parameters('factoryName'), '/Error Logs')]",
            "type": "Microsoft.DataFactory/factories/triggers",
            "apiVersion": "2018-06-01",
            "properties": {
                "annotations": [],
                "runtimeState": "Stopped",
                "pipelines": [],
                "type": "BlobEventsTrigger",
                "typeProperties": {
                    "blobPathBeginsWith": "/data/blobs/engine/log/error",
                    "blobPathEndsWith": ".log",
                    "ignoreEmptyBlobs": true,
                    "scope": "[parameters('Error Logs_properties_typeProperties_scope')]",
                    "events": [
                        "Microsoft.Storage.BlobCreated"
                    ]
                }
            },
            "dependsOn": []
        },
        {
            "name": "[concat(parameters('factoryName'), '/FB_DK')]",
            "type": "Microsoft.DataFactory/factories/triggers",
            "apiVersion": "2018-06-01",
            "properties": {
                "annotations": [],
                "runtimeState": "Stopped",
                "pipelines": [],
                "type": "ScheduleTrigger",
                "typeProperties": {
                    "recurrence": {
                        "frequency": "Week",
                        "interval": 1,
                        "startTime": "2022-04-08T13:26:00",
                        "timeZone": "GMT Standard Time",
                        "schedule": {
                            "minutes": [
                                0
                            ],
                            "hours": [
                                1
                            ],
                            "weekDays": [
                                "Friday"
                            ]
                        }
                    }
                }
            },
            "dependsOn": []
        },
        {
            "name": "[concat(parameters('factoryName'), '/FB_DK_daily')]",
            "type": "Microsoft.DataFactory/factories/triggers",
            "apiVersion": "2018-06-01",
            "properties": {
                "description": "not Friday though as already runs with the weekly ones",
                "annotations": [],
                "runtimeState": "Stopped",
                "pipelines": [],
                "type": "ScheduleTrigger",
                "typeProperties": {
                    "recurrence": {
                        "frequency": "Week",
                        "interval": 1,
                        "startTime": "2022-12-05T11:05:00Z",
                        "timeZone": "UTC",
                        "schedule": {
                            "minutes": [
                                0
                            ],
                            "hours": [
                                1
                            ],
                            "weekDays": [
                                "Sunday",
                                "Monday",
                                "Tuesday",
                                "Wednesday",
                                "Thursday",
                                "Saturday"
                            ]
                        }
                    }
                }
            },
            "dependsOn": []
        },
        {
            "name": "[concat(parameters('factoryName'), '/FB_FI')]",
            "type": "Microsoft.DataFactory/factories/triggers",
            "apiVersion": "2018-06-01",
            "properties": {
                "annotations": [],
                "runtimeState": "Stopped",
                "pipelines": [],
                "type": "ScheduleTrigger",
                "typeProperties": {
                    "recurrence": {
                        "frequency": "Week",
                        "interval": 1,
                        "startTime": "2022-04-08T13:26:00",
                        "timeZone": "GMT Standard Time",
                        "schedule": {
                            "minutes": [
                                30
                            ],
                            "hours": [
                                1
                            ],
                            "weekDays": [
                                "Friday"
                            ]
                        }
                    }
                }
            },
            "dependsOn": []
        }
    ]
}