{
    "$schema": "http://schema.management.azure.com/schemas/2015-01-01/deploymentTemplate.json#",
    "contentVersion": "1.0.0.0",
    "parameters": {
        "factoryName": {
            "type": "string",
            "metadata": "Data Factory name",
            "defaultValue": "dfem4sdf002"
        },
        "AmazonS3_secretAccessKey": {
            "type": "secureString",
            "metadata": "Secure string for 'secretAccessKey' of 'AmazonS3'"
        },
        "BIDI_MYSQL_SFTP_passPhrase": {
            "type": "secureString",
            "metadata": "Secure string for 'passPhrase' of 'BIDI_MYSQL_SFTP'"
        },
        "MFT_sFTP_password": {
            "type": "secureString",
            "metadata": "Secure string for 'password' of 'MFT_sFTP'"
        },
        "Open_acounts_sftp_passPhrase": {
            "type": "secureString",
            "metadata": "Secure string for 'passPhrase' of 'Open_acounts_sftp'"
        },
        "SIS_MTRx_connectionString": {
            "type": "secureString",
            "metadata": "Secure string for 'connectionString' of 'SIS_MTRx'",
            "defaultValue": "DefaultEndpointsProtocol=https;AccountName=stem4qclspint00;"
        },
        "cassiopeia_sftp_passPhrase": {
            "type": "secureString",
            "metadata": "Secure string for 'passPhrase' of 'cassiopeia_sftp'"
        },
        "domstorage_connectionString": {
            "type": "secureString",
            "metadata": "Secure string for 'connectionString' of 'domstorage'",
            "defaultValue": "DefaultEndpointsProtocol=https;AccountName=stem4dfdominvscanner001;"
        },
        "liab_nlrx_connectionString": {
            "type": "secureString",
            "metadata": "Secure string for 'connectionString' of 'liab_nlrx'"
        },
        "ls_fileshare_datamig_connectionString": {
            "type": "secureString",
            "metadata": "Secure string for 'connectionString' of 'ls_fileshare_datamig'"
        },
        "ls_storage_accountKey": {
            "type": "secureString",
            "metadata": "Secure string for 'accountKey' of 'ls_storage'"
        },
        "overlord_full_connectionString": {
            "type": "secureString",
            "metadata": "Secure string for 'connectionString' of 'overlord_full'",
            "defaultValue": "Server=10.4.4.101;Port=3306;Database=overlord;User=root;SSLMode=1;UseSystemTrustStore=0"
        },
        "wink_sftp_passPhrase": {
            "type": "secureString",
            "metadata": "Secure string for 'passPhrase' of 'wink_sftp'"
        },
        "AdobeSftp_properties_typeProperties_host": {
            "type": "string",
            "defaultValue": "specsavers-mkt-stage2.campaign.adobe.com"
        },
        "AdobeSftp_properties_typeProperties_userName": {
            "type": "string",
            "defaultValue": "specsavers"
        },
        "AdobeSftpDev_properties_typeProperties_host": {
            "type": "string",
            "defaultValue": "specsavers-mkt-dev1.campaign.adobe.com"
        },
        "AdobeSftpDev_properties_typeProperties_userName": {
            "type": "string",
            "defaultValue": "specsavers"
        },
        "AdobeSftpSIT_properties_typeProperties_host": {
            "type": "string",
            "defaultValue": "specsavers-mkt-stage5.campaign.adobe.com"
        },
        "AdobeSftpSIT_properties_typeProperties_userName": {
            "type": "string",
            "defaultValue": "specsavers"
        },
        "Adobe_Sftp_properties_typeProperties_host": {
            "type": "string",
            "defaultValue": "@{linkedService().host}"
        },
        "Adobe_Sftp_properties_typeProperties_userName": {
            "type": "string",
            "defaultValue": "specsavers"
        },
        "AmazonS3_properties_typeProperties_accessKeyId": {
            "type": "string",
            "defaultValue": "AKIAIJY4MB5OS24JNX7A"
        },
        "AnalystCluster_properties_typeProperties_host": {
            "type": "string",
            "defaultValue": "adb-3067915388771033.13.azuredatabricks.net"
        },
        "AnalystCluster_properties_typeProperties_username": {
            "type": "string",
            "defaultValue": "token"
        },
        "AnalystCluster_properties_typeProperties_httpPath": {
            "type": "string",
            "defaultValue": "sql/protocolv1/o/3067915388771033/0910-114555-fords55"
        },
        "AnalystWorkspace_properties_typeProperties_existingClusterId": {
            "type": "string",
            "defaultValue": "0910-114555-fords55"
        },
        "AzureKeyVault1_properties_typeProperties_baseUrl": {
            "type": "string",
            "defaultValue": "https://kvem4bigdatakeys002.vault.azure.net/"
        },
        "AzureSQLServer_SCE_arir_properties_typeProperties_connectionString_secretName": {
            "type": "string",
            "defaultValue": "SCE-AzureSQL-Server"
        },
        "BIDI_MYSQL_properties_typeProperties_connectionString_secretName": {
            "type": "string",
            "defaultValue": "BIDI-MySQL"
        },
        "BIDI_MYSQL_properties_typeProperties_userName": {
            "type": "string",
            "defaultValue": "root"
        },
        "BIDI_MYSQL_SFTP_properties_typeProperties_host": {
            "type": "string",
            "defaultValue": "10.2.5.232"
        },
        "BIDI_MYSQL_SFTP_properties_typeProperties_userName": {
            "type": "string",
            "defaultValue": "transfer"
        },
        "Blue Yonder_properties_typeProperties_connectionString_secretName": {
            "type": "string",
            "defaultValue": "@linkedService().kv_secret_name"
        },
        "CISCO_SFTP_properties_typeProperties_host": {
            "type": "string",
            "defaultValue": "10.4.52.24"
        },
        "CISCO_SFTP_properties_typeProperties_userName": {
            "type": "string",
            "defaultValue": "UCCXReports"
        },
        "CLSP NON Prod File Storage_properties_typeProperties_host": {
            "type": "string",
            "defaultValue": "\\\\stem4clspnonprd.file.core.windows.net\\nonproddmdebsfiles"
        },
        "CLSP NON Prod File Storage_properties_typeProperties_userId": {
            "type": "string",
            "defaultValue": "AZURE\\stem4clspnonprd"
        },
        "CLSP PROD File Storage_properties_typeProperties_host": {
            "type": "string",
            "defaultValue": "\\\\stem4clspprd.file.core.windows.net\\proddmdebsfiles"
        },
        "CLSP PROD File Storage_properties_typeProperties_userId": {
            "type": "string",
            "defaultValue": "AZURE\\stem4clspprd"
        },
        "DBR_11_3LTS_Test_properties_typeProperties_existingClusterId": {
            "type": "string",
            "defaultValue": "1116-094903-amm5edrp"
        },
        "Data_Science_ML_Studio_properties_typeProperties_subscriptionId": {
            "type": "string",
            "defaultValue": "6b10cbce-3802-47ef-a739-40e1bbd16a33"
        },
        "Data_Science_ML_Studio_properties_typeProperties_resourceGroupName": {
            "type": "string",
            "defaultValue": "rgem4pbdmlstudio001"
        },
        "Data_Science_ML_Studio_properties_typeProperties_servicePrincipalId": {
            "type": "string",
            "defaultValue": "36916825-f5db-46b6-9085-7d177c7a84d9"
        },
        "Data_Science_ML_Studio_properties_typeProperties_tenant": {
            "type": "string",
            "defaultValue": "cfd94e65-c6bc-4fa7-bbd0-c0f9ffcda1b4"
        },
        "DatabricksAPI_properties_typeProperties_url": {
            "type": "string",
            "defaultValue": "https://adb-963217415579381.1.azuredatabricks.net"
        },
        "DatabricksAPI_properties_typeProperties_userName": {
            "type": "string",
            "defaultValue": "token"
        },
        "DefaultDataLake_properties_typeProperties_url": {
            "type": "string",
            "defaultValue": "https://dfem4sdl002.dfs.core.windows.net"
        },
        "EBS_properties_typeProperties_connectionString_secretName": {
            "type": "string",
            "defaultValue": "@linkedService().kv_secret_name"
        },
        "EGAIN_SFTP_properties_typeProperties_host": {
            "type": "string",
            "defaultValue": "EGIRSFTP.EGAIN.CLOUD"
        },
        "EGAIN_SFTP_properties_typeProperties_userName": {
            "type": "string",
            "defaultValue": "$FTP&Specsavers"
        },
        "EU_Marketing_S3_properties_typeProperties_accessKeyId": {
            "type": "string",
            "defaultValue": "AKIAUEZ7MBYIVQZYSZMG"
        },
        "Epiphany_CLSP_file_storage_properties_typeProperties_host": {
            "type": "string",
            "defaultValue": "10.2.4.62"
        },
        "Epiphany_CLSP_file_storage_properties_typeProperties_userName": {
            "type": "string",
            "defaultValue": "clsp"
        },
        "JDA_LOL_properties_typeProperties_connectionString_secretName": {
            "type": "string",
            "defaultValue": "JDA-LOL"
        },
        "Jira_properties_typeProperties_host": {
            "type": "string",
            "defaultValue": "https://specsavers.atlassian.net/"
        },
        "Jira_properties_typeProperties_username": {
            "type": "string",
            "defaultValue": "jira-datalake-integration@specsavers.com"
        },
        "KeyedIn_properties_typeProperties_url": {
            "type": "string",
            "defaultValue": "https://api.keyedinprojects.co.uk/V3/api/report"
        },
        "KeyedIn_properties_typeProperties_userName": {
            "type": "string",
            "defaultValue": "api@specsavers.com"
        },
        "MASTER_MPP_properties_typeProperties_accessKeyId": {
            "type": "string",
            "defaultValue": "AKIA5PG6CK6O42UNDCUS"
        },
        "MFT_sFTP_properties_typeProperties_host": {
            "type": "string",
            "defaultValue": "odivip.co.ad.specsavers.com"
        },
        "MFT_sFTP_properties_typeProperties_userName": {
            "type": "string",
            "defaultValue": "aprecm"
        },
        "MI_MySQL_properties_typeProperties_connectionString_secretName": {
            "type": "string",
            "defaultValue": "mysql-mi-conn-string"
        },
        "MI_MySQL_properties_typeProperties_userName": {
            "type": "string",
            "defaultValue": "datateam"
        },
        "MPP_DEV_properties_typeProperties_accessKeyId": {
            "type": "string",
            "defaultValue": "AKIASPNFSX5BOIQJR6HY"
        },
        "Maze API_properties_typeProperties_url": {
            "type": "string",
            "defaultValue": "https://mymaze.com/API/Webservice/Export/Survey/GetSurveyData.aspx"
        },
        "NE_FB_properties_typeProperties_url": {
            "type": "string",
            "defaultValue": "@{linkedService().URL}"
        },
        "NavisionSweden_properties_typeProperties_connectionString_secretName": {
            "type": "string",
            "defaultValue": "NavisionSweden"
        },
        "NavisionSweden_properties_typeProperties_userName": {
            "type": "string",
            "defaultValue": "SVC-Datalake-Nav@sps"
        },
        "OAS_properties_typeProperties_connectionString_secretName": {
            "type": "string",
            "defaultValue": "OAS"
        },
        "OCH2_properties_typeProperties_connectionString_secretName": {
            "type": "string",
            "defaultValue": "OCH2"
        },
        "OCH2_SIT_properties_typeProperties_connectionString_secretName": {
            "type": "string",
            "defaultValue": "OCHSIT"
        },
        "Open_acounts_sftp_properties_typeProperties_host": {
            "type": "string",
            "defaultValue": "10.2.4.102"
        },
        "Open_acounts_sftp_properties_typeProperties_userName": {
            "type": "string",
            "defaultValue": "transfer"
        },
        "PowerBI_properties_typeProperties_url": {
            "type": "string",
            "defaultValue": "https://api.powerbi.com/v1.0/myorg/admin/"
        },
        "PowerBI_properties_typeProperties_aadResourceId": {
            "type": "string",
            "defaultValue": "https://analysis.windows.net/powerbi/api"
        },
        "SISBLob_properties_typeProperties_url": {
            "type": "string",
            "defaultValue": "https://dfem4sbl002.dfs.core.windows.net"
        },
        "ServiceNow_API_properties_typeProperties_url": {
            "type": "string",
            "defaultValue": "@{linkedService().p_base_url}"
        },
        "ServiceNow_API_properties_typeProperties_userName": {
            "type": "string",
            "defaultValue": "ms_data_lake.api"
        },
        "SupplyChain_MySQL_properties_typeProperties_connectionString_secretName": {
            "type": "string",
            "defaultValue": "mysql-dbaasem4psuppchain"
        },
        "SycleGeneric_properties_typeProperties_connectionString_secretName": {
            "type": "string",
            "defaultValue": "@linkedService().kv_secret_name"
        },
        "SycleUAT_properties_typeProperties_connectionString_secretName": {
            "type": "string",
            "defaultValue": "SycleUAT"
        },
        "VT_EBS_Connection_properties_typeProperties_connectionString_secretName": {
            "type": "string",
            "defaultValue": "@linkedService().kv_secret_name"
        },
        "XAL_properties_typeProperties_connectionString_secretName": {
            "type": "string",
            "defaultValue": "XAL"
        },
        "acousoft_sftp_properties_typeProperties_host": {
            "type": "string",
            "defaultValue": "sftp.acousoft.nl"
        },
        "acousoft_sftp_properties_typeProperties_userName": {
            "type": "string",
            "defaultValue": "pentaho"
        },
        "aurora_Rockit_properties_typeProperties_connectionString_secretName": {
            "type": "string",
            "defaultValue": "auroraRockit"
        },
        "cassiopeia_sftp_properties_typeProperties_host": {
            "type": "string",
            "defaultValue": "cassiopeia.gg.specsavers.com"
        },
        "cassiopeia_sftp_properties_typeProperties_userName": {
            "type": "string",
            "defaultValue": "transfer"
        },
        "defaultSQLdatabase_properties_typeProperties_connectionString_secretName": {
            "type": "string",
            "defaultValue": "defaultSQLdatabase"
        },
        "facebook_api_properties_typeProperties_url": {
            "type": "string",
            "defaultValue": "https://graph.facebook.com/@{linkedService().version_param}/act_@{linkedService().ad_account}/"
        },
        "footfall_data_properties_typeProperties_url": {
            "type": "string",
            "defaultValue": "https://vemcount.app/api/v3/"
        },
        "generaldatabrickscluster_properties_typeProperties_existingClusterId": {
            "type": "string",
            "defaultValue": "0910-114555-fords55"
        },
        "gg_wait_times_properties_typeProperties_connectionString_secretName": {
            "type": "string",
            "defaultValue": "gg-wait-times"
        },
        "infomedics_sftp_properties_typeProperties_host": {
            "type": "string",
            "defaultValue": "84.252.124.87"
        },
        "infomedics_sftp_properties_typeProperties_userName": {
            "type": "string",
            "defaultValue": "sftp_specsavers"
        },
        "injixo_api_properties_typeProperties_url": {
            "type": "string",
            "defaultValue": "https://legacy-api.injixo.com/v1"
        },
        "inventory_mysql_ls_properties_typeProperties_connectionString_secretName": {
            "type": "string",
            "defaultValue": "@linkedService().kv_secret_name"
        },
        "liab_mysql_properties_typeProperties_connectionString_secretName": {
            "type": "string",
            "defaultValue": "@linkedService().DBSOURCE"
        },
        "ls_mysql_gen_futurology_sycle_properties_typeProperties_connectionString_secretName": {
            "type": "string",
            "defaultValue": "@linkedService().ps_secret_key"
        },
        "ls_storage_properties_typeProperties_url": {
            "type": "string",
            "defaultValue": "https://dfem4sdl002.dfs.core.windows.net/"
        },
        "mediumdatabrickscluster_properties_typeProperties_existingClusterId": {
            "type": "string",
            "defaultValue": "0910-114555-fords55"
        },
        "miportal_mysql_preprod_properties_typeProperties_connectionString_secretName": {
            "type": "string",
            "defaultValue": "miportal-mysql-preprod"
        },
        "miportal_mysql_prod_properties_typeProperties_connectionString_secretName": {
            "type": "string",
            "defaultValue": "miportal-mysql-prod"
        },
        "mssql_shir_properties_typeProperties_connectionString_secretName": {
            "type": "string",
            "defaultValue": "@linkedService().p_kv_secret_name"
        },
        "ne_frame_inventory_properties_typeProperties_connectionString_secretName": {
            "type": "string",
            "defaultValue": "ne-frame-inventory-storage"
        },
        "ne_screener_properties_typeProperties_connectionString_secretName": {
            "type": "string",
            "defaultValue": "ne-screener-storage"
        },
        "ne_webhelp_sftp_properties_typeProperties_host": {
            "type": "string",
            "defaultValue": "194.103.94.26"
        },
        "ne_webhelp_sftp_properties_typeProperties_userName": {
            "type": "string",
            "defaultValue": "ext.x.specsavers"
        },
        "nitrogen_properties_typeProperties_host": {
            "type": "string",
            "defaultValue": "10.2.4.3"
        },
        "nitrogen_properties_typeProperties_userName": {
            "type": "string",
            "defaultValue": "davelp"
        },
        "overlord_properties_typeProperties_connectionString_secretName": {
            "type": "string",
            "defaultValue": "overlord"
        },
        "reddi_data_migration_properties_typeProperties_host": {
            "type": "string",
            "defaultValue": "10.2.5.247"
        },
        "reddi_data_migration_properties_typeProperties_userName": {
            "type": "string",
            "defaultValue": "portfolio"
        },
        "relesys_data_properties_typeProperties_url": {
            "type": "string",
            "defaultValue": "https://api.relesysapp.net/api/v1.1/"
        },
        "relesys_oauth_properties_typeProperties_url": {
            "type": "string",
            "defaultValue": "https://api.relesysapp.net/login/oauth/authorize"
        },
        "rest_anonymous_shir_properties_typeProperties_url": {
            "type": "string",
            "defaultValue": "@{linkedService().p_base_url}"
        },
        "symplify_sftp_properties_typeProperties_host": {
            "type": "string",
            "defaultValue": "storage.carmamail.com"
        },
        "symplify_sftp_properties_typeProperties_userName": {
            "type": "string",
            "defaultValue": "specsavers"
        },
        "tmp_Databricks_10_2_Runtime_properties_typeProperties_existingClusterId": {
            "type": "string",
            "defaultValue": "0804-075033-1kk29c6y"
        },
        "trintech_sftp_properties_typeProperties_host": {
            "type": "string",
            "defaultValue": "lonsftp.cadency.trintech.com"
        },
        "trintech_sftp_properties_typeProperties_userName": {
            "type": "string",
            "defaultValue": "specsavers"
        },
        "wink_sftp_properties_typeProperties_host": {
            "type": "string",
            "defaultValue": "13.88.254.237"
        },
        "wink_sftp_properties_typeProperties_userName": {
            "type": "string",
            "defaultValue": "SS-SFTP-01"
        },
        "yext_store_opening_times_properties_typeProperties_url": {
            "type": "string",
            "defaultValue": "@{linkedService().yext_api_url}"
        },
        "Error Logs_properties_typeProperties_scope": {
            "type": "string",
            "defaultValue": "/subscriptions/4797df16-a35e-4985-a58a-3369e708b633/resourceGroups/rgem4sbigdatalakes002/providers/Microsoft.Storage/storageAccounts/dfem4sdl002"
        },
        "GFS_ANZ_File_Trigger_properties_typeProperties_scope": {
            "type": "string",
            "defaultValue": "/subscriptions/4797df16-a35e-4985-a58a-3369e708b633/resourceGroups/rgem4sbigdatalakes002/providers/Microsoft.Storage/storageAccounts/dfem4sdl002"
        },
        "GFS_DOMI_File_Trigger_properties_typeProperties_scope": {
            "type": "string",
            "defaultValue": "/subscriptions/4797df16-a35e-4985-a58a-3369e708b633/resourceGroups/rgem4sbigdatalakes002/providers/Microsoft.Storage/storageAccounts/dfem4sdl002"
        },
        "dataFactory_properties_globalParameters_email_logic_app_endpoint_value": {
            "type": "string",
            "defaultValue": "https://prod-141.westeurope.logic.azure.com:443/workflows/16dc90f5376f4b9abb905a56036a9787/triggers/manual/paths/invoke?api-version=2016-10-01&sp=%2Ftriggers%2Fmanual%2Frun&sv=1.0&sig=h8MjnL-5PW4DrpqHsZVudrKXq4qiTimA1SyCqLjYRm4"
        },
        "dataFactory_properties_globalParameters_email_notifcation_endpoint_value": {
            "type": "string",
            "defaultValue": "f7e54dcd.specsavers.com@uk.teams.ms"
        },
        "dataFactory_properties_globalParameters_environment_name_value": {
            "type": "string",
            "defaultValue": "DEVELOPMENT"
        },
        "dataFactory_properties_globalParameters_mft_trigger_url_value": {
            "type": "string",
            "defaultValue": "https://mftuat.az.specsavers.com/mftapp/services/MFTEventService?WSDL"
        },
        "dataFactory_properties_globalParameters_datalake_storage_name_value": {
            "type": "string",
            "defaultValue": "dfem4sdl002"
        },
        "dataFactory_properties_globalParameters_datascience_email_notification_endpoint_value": {
            "type": "string",
            "defaultValue": "292a8656.specsavers.com@emea.teams.ms"
        },
        "dataFactory_properties_globalParameters_osb_endpoint_value": {
            "type": "string",
            "defaultValue": "https://osbpre.co.ad.specsavers.com/AudiologyCustomerUpdate/Audiology_PS"
        },
        "dataFactory_properties_globalParameters_big_data_key_vault_value": {
            "type": "string",
            "defaultValue": "https://kvem4bigdatakeys002.vault.azure.net"
        },
        "dataFactory_properties_globalConfigurations_PipelineBillingEnabled": {
            "type": "string",
            "defaultValue": "true"
        },
        "dataFactory_location": {
            "type": "string",
            "defaultValue": "westeurope"
        },
        "containerUri": {
            "type": "string",
            "metadata": "URI to storage account containing linked ARM templates"
        },
        "containerSasToken": {
            "type": "string",
            "metadata": "Sas token to storage account containing linked ARM templates"
        }
    },
    "variables": {
        "factoryId": "[concat('Microsoft.DataFactory/factories/', parameters('factoryName'))]"
    },
    "resources": [
        {
            "name": "dfem4sdf002_ArmTemplate_0",
            "type": "Microsoft.Resources/deployments",
            "apiVersion": "2018-02-01",
            "properties": {
                "mode": "incremental",
                "templateLink": {
                    "uri": "[concat(parameters('containerUri'), '/ArmTemplate_0.json', parameters('containerSasToken'))]",
                    "contentVersion": "1.0.0.0"
                },
                "parameters": {
                    "factoryName": {
                        "value": "[parameters('factoryName')]"
                    },
                    "ls_fileshare_datamig_connectionString": {
                        "value": "[parameters('ls_fileshare_datamig_connectionString')]"
                    },
                    "ls_storage_accountKey": {
                        "value": "[parameters('ls_storage_accountKey')]"
                    },
                    "dataFactory_properties_globalParameters_email_logic_app_endpoint_value": {
                        "value": "[parameters('dataFactory_properties_globalParameters_email_logic_app_endpoint_value')]"
                    },
                    "dataFactory_properties_globalParameters_email_notifcation_endpoint_value": {
                        "value": "[parameters('dataFactory_properties_globalParameters_email_notifcation_endpoint_value')]"
                    },
                    "dataFactory_properties_globalParameters_environment_name_value": {
                        "value": "[parameters('dataFactory_properties_globalParameters_environment_name_value')]"
                    },
                    "dataFactory_properties_globalParameters_mft_trigger_url_value": {
                        "value": "[parameters('dataFactory_properties_globalParameters_mft_trigger_url_value')]"
                    },
                    "dataFactory_properties_globalParameters_datalake_storage_name_value": {
                        "value": "[parameters('dataFactory_properties_globalParameters_datalake_storage_name_value')]"
                    },
                    "dataFactory_properties_globalParameters_datascience_email_notification_endpoint_value": {
                        "value": "[parameters('dataFactory_properties_globalParameters_datascience_email_notification_endpoint_value')]"
                    },
                    "dataFactory_properties_globalParameters_osb_endpoint_value": {
                        "value": "[parameters('dataFactory_properties_globalParameters_osb_endpoint_value')]"
                    },
                    "dataFactory_properties_globalParameters_big_data_key_vault_value": {
                        "value": "[parameters('dataFactory_properties_globalParameters_big_data_key_vault_value')]"
                    },
                    "dataFactory_properties_globalConfigurations_PipelineBillingEnabled": {
                        "value": "[parameters('dataFactory_properties_globalConfigurations_PipelineBillingEnabled')]"
                    },
                    "dataFactory_location": {
                        "value": "[parameters('dataFactory_location')]"
                    },
                    "AzureKeyVault1_properties_typeProperties_baseUrl": {
                        "value": "[parameters('AzureKeyVault1_properties_typeProperties_baseUrl')]"
                    },
                    "PowerBI_properties_typeProperties_url": {
                        "value": "[parameters('PowerBI_properties_typeProperties_url')]"
                    },
                    "PowerBI_properties_typeProperties_aadResourceId": {
                        "value": "[parameters('PowerBI_properties_typeProperties_aadResourceId')]"
                    },
                    "facebook_api_properties_typeProperties_url": {
                        "value": "[parameters('facebook_api_properties_typeProperties_url')]"
                    },
                    "footfall_data_properties_typeProperties_url": {
                        "value": "[parameters('footfall_data_properties_typeProperties_url')]"
                    },
                    "injixo_api_properties_typeProperties_url": {
                        "value": "[parameters('injixo_api_properties_typeProperties_url')]"
                    },
                    "ls_storage_properties_typeProperties_url": {
                        "value": "[parameters('ls_storage_properties_typeProperties_url')]"
                    },
                    "relesys_data_properties_typeProperties_url": {
                        "value": "[parameters('relesys_data_properties_typeProperties_url')]"
                    },
                    "relesys_oauth_properties_typeProperties_url": {
                        "value": "[parameters('relesys_oauth_properties_typeProperties_url')]"
                    },
                    "yext_store_opening_times_properties_typeProperties_url": {
                        "value": "[parameters('yext_store_opening_times_properties_typeProperties_url')]"
                    }
                }
            },
            "dependsOn": []
        },
        {
            "name": "dfem4sdf002_ArmTemplate_1",
            "type": "Microsoft.Resources/deployments",
            "apiVersion": "2018-02-01",
            "properties": {
                "mode": "incremental",
                "templateLink": {
                    "uri": "[concat(parameters('containerUri'), '/ArmTemplate_1.json', parameters('containerSasToken'))]",
                    "contentVersion": "1.0.0.0"
                },
                "parameters": {
                    "factoryName": {
                        "value": "[parameters('factoryName')]"
                    }
                }
            },
            "dependsOn": [
                "[resourceId('Microsoft.Resources/deployments', 'dfem4sdf002_ArmTemplate_0')]"
            ]
        },
        {
            "name": "dfem4sdf002_ArmTemplate_2",
            "type": "Microsoft.Resources/deployments",
            "apiVersion": "2018-02-01",
            "properties": {
                "mode": "incremental",
                "templateLink": {
                    "uri": "[concat(parameters('containerUri'), '/ArmTemplate_2.json', parameters('containerSasToken'))]",
                    "contentVersion": "1.0.0.0"
                },
                "parameters": {
                    "factoryName": {
                        "value": "[parameters('factoryName')]"
                    },
                    "Error Logs_properties_typeProperties_scope": {
                        "value": "[parameters('Error Logs_properties_typeProperties_scope')]"
                    }
                }
            },
            "dependsOn": [
                "[resourceId('Microsoft.Resources/deployments', 'dfem4sdf002_ArmTemplate_1')]"
            ]
        },
        {
            "name": "dfem4sdf002_ArmTemplate_3",
            "type": "Microsoft.Resources/deployments",
            "apiVersion": "2018-02-01",
            "properties": {
                "mode": "incremental",
                "templateLink": {
                    "uri": "[concat(parameters('containerUri'), '/ArmTemplate_3.json', parameters('containerSasToken'))]",
                    "contentVersion": "1.0.0.0"
                },
                "parameters": {
                    "factoryName": {
                        "value": "[parameters('factoryName')]"
                    },
                    "GFS_ANZ_File_Trigger_properties_typeProperties_scope": {
                        "value": "[parameters('GFS_ANZ_File_Trigger_properties_typeProperties_scope')]"
                    },
                    "GFS_DOMI_File_Trigger_properties_typeProperties_scope": {
                        "value": "[parameters('GFS_DOMI_File_Trigger_properties_typeProperties_scope')]"
                    }
                }
            },
            "dependsOn": [
                "[resourceId('Microsoft.Resources/deployments', 'dfem4sdf002_ArmTemplate_2')]"
            ]
        },
        {
            "name": "dfem4sdf002_ArmTemplate_4",
            "type": "Microsoft.Resources/deployments",
            "apiVersion": "2018-02-01",
            "properties": {
                "mode": "incremental",
                "templateLink": {
                    "uri": "[concat(parameters('containerUri'), '/ArmTemplate_4.json', parameters('containerSasToken'))]",
                    "contentVersion": "1.0.0.0"
                },
                "parameters": {
                    "factoryName": {
                        "value": "[parameters('factoryName')]"
                    }
                }
            },
            "dependsOn": [
                "[resourceId('Microsoft.Resources/deployments', 'dfem4sdf002_ArmTemplate_3')]"
            ]
        },
        {
            "name": "dfem4sdf002_ArmTemplate_5",
            "type": "Microsoft.Resources/deployments",
            "apiVersion": "2018-02-01",
            "properties": {
                "mode": "incremental",
                "templateLink": {
                    "uri": "[concat(parameters('containerUri'), '/ArmTemplate_5.json', parameters('containerSasToken'))]",
                    "contentVersion": "1.0.0.0"
                },
                "parameters": {
                    "factoryName": {
                        "value": "[parameters('factoryName')]"
                    }
                }
            },
            "dependsOn": [
                "[resourceId('Microsoft.Resources/deployments', 'dfem4sdf002_ArmTemplate_4')]"
            ]
        },
        {
            "name": "dfem4sdf002_ArmTemplate_6",
            "type": "Microsoft.Resources/deployments",
            "apiVersion": "2018-02-01",
            "properties": {
                "mode": "incremental",
                "templateLink": {
                    "uri": "[concat(parameters('containerUri'), '/ArmTemplate_6.json', parameters('containerSasToken'))]",
                    "contentVersion": "1.0.0.0"
                },
                "parameters": {
                    "factoryName": {
                        "value": "[parameters('factoryName')]"
                    }
                }
            },
            "dependsOn": [
                "[resourceId('Microsoft.Resources/deployments', 'dfem4sdf002_ArmTemplate_5')]"
            ]
        },
        {
            "name": "dfem4sdf002_ArmTemplate_7",
            "type": "Microsoft.Resources/deployments",
            "apiVersion": "2018-02-01",
            "properties": {
                "mode": "incremental",
                "templateLink": {
                    "uri": "[concat(parameters('containerUri'), '/ArmTemplate_7.json', parameters('containerSasToken'))]",
                    "contentVersion": "1.0.0.0"
                },
                "parameters": {
                    "factoryName": {
                        "value": "[parameters('factoryName')]"
                    }
                }
            },
            "dependsOn": [
                "[resourceId('Microsoft.Resources/deployments', 'dfem4sdf002_ArmTemplate_6')]"
            ]
        },
        {
            "name": "dfem4sdf002_ArmTemplate_8",
            "type": "Microsoft.Resources/deployments",
            "apiVersion": "2018-02-01",
            "properties": {
                "mode": "incremental",
                "templateLink": {
                    "uri": "[concat(parameters('containerUri'), '/ArmTemplate_8.json', parameters('containerSasToken'))]",
                    "contentVersion": "1.0.0.0"
                },
                "parameters": {
                    "factoryName": {
                        "value": "[parameters('factoryName')]"
                    }
                }
            },
            "dependsOn": [
                "[resourceId('Microsoft.Resources/deployments', 'dfem4sdf002_ArmTemplate_7')]"
            ]
        },
        {
            "name": "dfem4sdf002_ArmTemplate_9",
            "type": "Microsoft.Resources/deployments",
            "apiVersion": "2018-02-01",
            "properties": {
                "mode": "incremental",
                "templateLink": {
                    "uri": "[concat(parameters('containerUri'), '/ArmTemplate_9.json', parameters('containerSasToken'))]",
                    "contentVersion": "1.0.0.0"
                },
                "parameters": {
                    "factoryName": {
                        "value": "[parameters('factoryName')]"
                    },
                    "AdobeSftp_properties_typeProperties_host": {
                        "value": "[parameters('AdobeSftp_properties_typeProperties_host')]"
                    },
                    "AdobeSftp_properties_typeProperties_userName": {
                        "value": "[parameters('AdobeSftp_properties_typeProperties_userName')]"
                    },
                    "AdobeSftpDev_properties_typeProperties_host": {
                        "value": "[parameters('AdobeSftpDev_properties_typeProperties_host')]"
                    },
                    "AdobeSftpDev_properties_typeProperties_userName": {
                        "value": "[parameters('AdobeSftpDev_properties_typeProperties_userName')]"
                    },
                    "AdobeSftpSIT_properties_typeProperties_host": {
                        "value": "[parameters('AdobeSftpSIT_properties_typeProperties_host')]"
                    },
                    "AdobeSftpSIT_properties_typeProperties_userName": {
                        "value": "[parameters('AdobeSftpSIT_properties_typeProperties_userName')]"
                    }
                }
            },
            "dependsOn": [
                "[resourceId('Microsoft.Resources/deployments', 'dfem4sdf002_ArmTemplate_8')]"
            ]
        },
        {
            "name": "dfem4sdf002_ArmTemplate_10",
            "type": "Microsoft.Resources/deployments",
            "apiVersion": "2018-02-01",
            "properties": {
                "mode": "incremental",
                "templateLink": {
                    "uri": "[concat(parameters('containerUri'), '/ArmTemplate_10.json', parameters('containerSasToken'))]",
                    "contentVersion": "1.0.0.0"
                },
                "parameters": {
                    "factoryName": {
                        "value": "[parameters('factoryName')]"
                    },
                    "AmazonS3_secretAccessKey": {
                        "value": "[parameters('AmazonS3_secretAccessKey')]"
                    },
                    "BIDI_MYSQL_SFTP_passPhrase": {
                        "value": "[parameters('BIDI_MYSQL_SFTP_passPhrase')]"
                    },
                    "Adobe_Sftp_properties_typeProperties_host": {
                        "value": "[parameters('Adobe_Sftp_properties_typeProperties_host')]"
                    },
                    "Adobe_Sftp_properties_typeProperties_userName": {
                        "value": "[parameters('Adobe_Sftp_properties_typeProperties_userName')]"
                    },
                    "AmazonS3_properties_typeProperties_accessKeyId": {
                        "value": "[parameters('AmazonS3_properties_typeProperties_accessKeyId')]"
                    },
                    "AnalystCluster_properties_typeProperties_host": {
                        "value": "[parameters('AnalystCluster_properties_typeProperties_host')]"
                    },
                    "AnalystCluster_properties_typeProperties_username": {
                        "value": "[parameters('AnalystCluster_properties_typeProperties_username')]"
                    },
                    "AnalystCluster_properties_typeProperties_httpPath": {
                        "value": "[parameters('AnalystCluster_properties_typeProperties_httpPath')]"
                    },
                    "AnalystWorkspace_properties_typeProperties_existingClusterId": {
                        "value": "[parameters('AnalystWorkspace_properties_typeProperties_existingClusterId')]"
                    },
                    "AzureSQLServer_SCE_arir_properties_typeProperties_connectionString_secretName": {
                        "value": "[parameters('AzureSQLServer_SCE_arir_properties_typeProperties_connectionString_secretName')]"
                    },
                    "BIDI_MYSQL_properties_typeProperties_connectionString_secretName": {
                        "value": "[parameters('BIDI_MYSQL_properties_typeProperties_connectionString_secretName')]"
                    },
                    "BIDI_MYSQL_properties_typeProperties_userName": {
                        "value": "[parameters('BIDI_MYSQL_properties_typeProperties_userName')]"
                    },
                    "BIDI_MYSQL_SFTP_properties_typeProperties_host": {
                        "value": "[parameters('BIDI_MYSQL_SFTP_properties_typeProperties_host')]"
                    },
                    "BIDI_MYSQL_SFTP_properties_typeProperties_userName": {
                        "value": "[parameters('BIDI_MYSQL_SFTP_properties_typeProperties_userName')]"
                    },
                    "Blue Yonder_properties_typeProperties_connectionString_secretName": {
                        "value": "[parameters('Blue Yonder_properties_typeProperties_connectionString_secretName')]"
                    },
                    "CISCO_SFTP_properties_typeProperties_host": {
                        "value": "[parameters('CISCO_SFTP_properties_typeProperties_host')]"
                    },
                    "CISCO_SFTP_properties_typeProperties_userName": {
                        "value": "[parameters('CISCO_SFTP_properties_typeProperties_userName')]"
                    },
                    "CLSP NON Prod File Storage_properties_typeProperties_host": {
                        "value": "[parameters('CLSP NON Prod File Storage_properties_typeProperties_host')]"
                    },
                    "CLSP NON Prod File Storage_properties_typeProperties_userId": {
                        "value": "[parameters('CLSP NON Prod File Storage_properties_typeProperties_userId')]"
                    },
                    "CLSP PROD File Storage_properties_typeProperties_host": {
                        "value": "[parameters('CLSP PROD File Storage_properties_typeProperties_host')]"
                    },
                    "CLSP PROD File Storage_properties_typeProperties_userId": {
                        "value": "[parameters('CLSP PROD File Storage_properties_typeProperties_userId')]"
                    },
                    "DBR_11_3LTS_Test_properties_typeProperties_existingClusterId": {
                        "value": "[parameters('DBR_11_3LTS_Test_properties_typeProperties_existingClusterId')]"
                    },
                    "Data_Science_ML_Studio_properties_typeProperties_subscriptionId": {
                        "value": "[parameters('Data_Science_ML_Studio_properties_typeProperties_subscriptionId')]"
                    },
                    "Data_Science_ML_Studio_properties_typeProperties_resourceGroupName": {
                        "value": "[parameters('Data_Science_ML_Studio_properties_typeProperties_resourceGroupName')]"
                    },
                    "Data_Science_ML_Studio_properties_typeProperties_servicePrincipalId": {
                        "value": "[parameters('Data_Science_ML_Studio_properties_typeProperties_servicePrincipalId')]"
                    },
                    "Data_Science_ML_Studio_properties_typeProperties_tenant": {
                        "value": "[parameters('Data_Science_ML_Studio_properties_typeProperties_tenant')]"
                    },
                    "DatabricksAPI_properties_typeProperties_url": {
                        "value": "[parameters('DatabricksAPI_properties_typeProperties_url')]"
                    },
                    "DatabricksAPI_properties_typeProperties_userName": {
                        "value": "[parameters('DatabricksAPI_properties_typeProperties_userName')]"
                    },
                    "DefaultDataLake_properties_typeProperties_url": {
                        "value": "[parameters('DefaultDataLake_properties_typeProperties_url')]"
                    },
                    "EBS_properties_typeProperties_connectionString_secretName": {
                        "value": "[parameters('EBS_properties_typeProperties_connectionString_secretName')]"
                    },
                    "EGAIN_SFTP_properties_typeProperties_host": {
                        "value": "[parameters('EGAIN_SFTP_properties_typeProperties_host')]"
                    },
                    "EGAIN_SFTP_properties_typeProperties_userName": {
                        "value": "[parameters('EGAIN_SFTP_properties_typeProperties_userName')]"
                    },
                    "EU_Marketing_S3_properties_typeProperties_accessKeyId": {
                        "value": "[parameters('EU_Marketing_S3_properties_typeProperties_accessKeyId')]"
                    },
                    "Epiphany_CLSP_file_storage_properties_typeProperties_host": {
                        "value": "[parameters('Epiphany_CLSP_file_storage_properties_typeProperties_host')]"
                    },
                    "Epiphany_CLSP_file_storage_properties_typeProperties_userName": {
                        "value": "[parameters('Epiphany_CLSP_file_storage_properties_typeProperties_userName')]"
                    },
                    "JDA_LOL_properties_typeProperties_connectionString_secretName": {
                        "value": "[parameters('JDA_LOL_properties_typeProperties_connectionString_secretName')]"
                    }
                }
            },
            "dependsOn": [
                "[resourceId('Microsoft.Resources/deployments', 'dfem4sdf002_ArmTemplate_9')]"
            ]
        },
        {
            "name": "dfem4sdf002_ArmTemplate_11",
            "type": "Microsoft.Resources/deployments",
            "apiVersion": "2018-02-01",
            "properties": {
                "mode": "incremental",
                "templateLink": {
                    "uri": "[concat(parameters('containerUri'), '/ArmTemplate_11.json', parameters('containerSasToken'))]",
                    "contentVersion": "1.0.0.0"
                },
                "parameters": {
                    "factoryName": {
                        "value": "[parameters('factoryName')]"
                    },
                    "MFT_sFTP_password": {
                        "value": "[parameters('MFT_sFTP_password')]"
                    },
                    "Open_acounts_sftp_passPhrase": {
                        "value": "[parameters('Open_acounts_sftp_passPhrase')]"
                    },
                    "SIS_MTRx_connectionString": {
                        "value": "[parameters('SIS_MTRx_connectionString')]"
                    },
                    "Jira_properties_typeProperties_host": {
                        "value": "[parameters('Jira_properties_typeProperties_host')]"
                    },
                    "Jira_properties_typeProperties_username": {
                        "value": "[parameters('Jira_properties_typeProperties_username')]"
                    },
                    "KeyedIn_properties_typeProperties_url": {
                        "value": "[parameters('KeyedIn_properties_typeProperties_url')]"
                    },
                    "KeyedIn_properties_typeProperties_userName": {
                        "value": "[parameters('KeyedIn_properties_typeProperties_userName')]"
                    },
                    "MASTER_MPP_properties_typeProperties_accessKeyId": {
                        "value": "[parameters('MASTER_MPP_properties_typeProperties_accessKeyId')]"
                    },
                    "MFT_sFTP_properties_typeProperties_host": {
                        "value": "[parameters('MFT_sFTP_properties_typeProperties_host')]"
                    },
                    "MFT_sFTP_properties_typeProperties_userName": {
                        "value": "[parameters('MFT_sFTP_properties_typeProperties_userName')]"
                    },
                    "MI_MySQL_properties_typeProperties_connectionString_secretName": {
                        "value": "[parameters('MI_MySQL_properties_typeProperties_connectionString_secretName')]"
                    },
                    "MI_MySQL_properties_typeProperties_userName": {
                        "value": "[parameters('MI_MySQL_properties_typeProperties_userName')]"
                    },
                    "MPP_DEV_properties_typeProperties_accessKeyId": {
                        "value": "[parameters('MPP_DEV_properties_typeProperties_accessKeyId')]"
                    },
                    "Maze API_properties_typeProperties_url": {
                        "value": "[parameters('Maze API_properties_typeProperties_url')]"
                    },
                    "NE_FB_properties_typeProperties_url": {
                        "value": "[parameters('NE_FB_properties_typeProperties_url')]"
                    },
                    "NavisionSweden_properties_typeProperties_connectionString_secretName": {
                        "value": "[parameters('NavisionSweden_properties_typeProperties_connectionString_secretName')]"
                    },
                    "NavisionSweden_properties_typeProperties_userName": {
                        "value": "[parameters('NavisionSweden_properties_typeProperties_userName')]"
                    },
                    "OAS_properties_typeProperties_connectionString_secretName": {
                        "value": "[parameters('OAS_properties_typeProperties_connectionString_secretName')]"
                    },
                    "OCH2_properties_typeProperties_connectionString_secretName": {
                        "value": "[parameters('OCH2_properties_typeProperties_connectionString_secretName')]"
                    },
                    "OCH2_SIT_properties_typeProperties_connectionString_secretName": {
                        "value": "[parameters('OCH2_SIT_properties_typeProperties_connectionString_secretName')]"
                    },
                    "Open_acounts_sftp_properties_typeProperties_host": {
                        "value": "[parameters('Open_acounts_sftp_properties_typeProperties_host')]"
                    },
                    "Open_acounts_sftp_properties_typeProperties_userName": {
                        "value": "[parameters('Open_acounts_sftp_properties_typeProperties_userName')]"
                    },
                    "SISBLob_properties_typeProperties_url": {
                        "value": "[parameters('SISBLob_properties_typeProperties_url')]"
                    },
                    "ServiceNow_API_properties_typeProperties_url": {
                        "value": "[parameters('ServiceNow_API_properties_typeProperties_url')]"
                    },
                    "ServiceNow_API_properties_typeProperties_userName": {
                        "value": "[parameters('ServiceNow_API_properties_typeProperties_userName')]"
                    },
                    "SupplyChain_MySQL_properties_typeProperties_connectionString_secretName": {
                        "value": "[parameters('SupplyChain_MySQL_properties_typeProperties_connectionString_secretName')]"
                    },
                    "SycleGeneric_properties_typeProperties_connectionString_secretName": {
                        "value": "[parameters('SycleGeneric_properties_typeProperties_connectionString_secretName')]"
                    },
                    "SycleUAT_properties_typeProperties_connectionString_secretName": {
                        "value": "[parameters('SycleUAT_properties_typeProperties_connectionString_secretName')]"
                    },
                    "VT_EBS_Connection_properties_typeProperties_connectionString_secretName": {
                        "value": "[parameters('VT_EBS_Connection_properties_typeProperties_connectionString_secretName')]"
                    }
                }
            },
            "dependsOn": [
                "[resourceId('Microsoft.Resources/deployments', 'dfem4sdf002_ArmTemplate_10')]"
            ]
        },
        {
            "name": "dfem4sdf002_ArmTemplate_12",
            "type": "Microsoft.Resources/deployments",
            "apiVersion": "2018-02-01",
            "properties": {
                "mode": "incremental",
                "templateLink": {
                    "uri": "[concat(parameters('containerUri'), '/ArmTemplate_12.json', parameters('containerSasToken'))]",
                    "contentVersion": "1.0.0.0"
                },
                "parameters": {
                    "factoryName": {
                        "value": "[parameters('factoryName')]"
                    },
                    "cassiopeia_sftp_passPhrase": {
                        "value": "[parameters('cassiopeia_sftp_passPhrase')]"
                    },
                    "domstorage_connectionString": {
                        "value": "[parameters('domstorage_connectionString')]"
                    },
                    "liab_nlrx_connectionString": {
                        "value": "[parameters('liab_nlrx_connectionString')]"
                    },
                    "XAL_properties_typeProperties_connectionString_secretName": {
                        "value": "[parameters('XAL_properties_typeProperties_connectionString_secretName')]"
                    },
                    "acousoft_sftp_properties_typeProperties_host": {
                        "value": "[parameters('acousoft_sftp_properties_typeProperties_host')]"
                    },
                    "acousoft_sftp_properties_typeProperties_userName": {
                        "value": "[parameters('acousoft_sftp_properties_typeProperties_userName')]"
                    },
                    "aurora_Rockit_properties_typeProperties_connectionString_secretName": {
                        "value": "[parameters('aurora_Rockit_properties_typeProperties_connectionString_secretName')]"
                    },
                    "cassiopeia_sftp_properties_typeProperties_host": {
                        "value": "[parameters('cassiopeia_sftp_properties_typeProperties_host')]"
                    },
                    "cassiopeia_sftp_properties_typeProperties_userName": {
                        "value": "[parameters('cassiopeia_sftp_properties_typeProperties_userName')]"
                    },
                    "defaultSQLdatabase_properties_typeProperties_connectionString_secretName": {
                        "value": "[parameters('defaultSQLdatabase_properties_typeProperties_connectionString_secretName')]"
                    },
                    "generaldatabrickscluster_properties_typeProperties_existingClusterId": {
                        "value": "[parameters('generaldatabrickscluster_properties_typeProperties_existingClusterId')]"
                    },
                    "gg_wait_times_properties_typeProperties_connectionString_secretName": {
                        "value": "[parameters('gg_wait_times_properties_typeProperties_connectionString_secretName')]"
                    },
                    "infomedics_sftp_properties_typeProperties_host": {
                        "value": "[parameters('infomedics_sftp_properties_typeProperties_host')]"
                    },
                    "infomedics_sftp_properties_typeProperties_userName": {
                        "value": "[parameters('infomedics_sftp_properties_typeProperties_userName')]"
                    },
                    "inventory_mysql_ls_properties_typeProperties_connectionString_secretName": {
                        "value": "[parameters('inventory_mysql_ls_properties_typeProperties_connectionString_secretName')]"
                    },
                    "liab_mysql_properties_typeProperties_connectionString_secretName": {
                        "value": "[parameters('liab_mysql_properties_typeProperties_connectionString_secretName')]"
                    },
                    "ls_mysql_gen_futurology_sycle_properties_typeProperties_connectionString_secretName": {
                        "value": "[parameters('ls_mysql_gen_futurology_sycle_properties_typeProperties_connectionString_secretName')]"
                    },
                    "mediumdatabrickscluster_properties_typeProperties_existingClusterId": {
                        "value": "[parameters('mediumdatabrickscluster_properties_typeProperties_existingClusterId')]"
                    },
                    "miportal_mysql_preprod_properties_typeProperties_connectionString_secretName": {
                        "value": "[parameters('miportal_mysql_preprod_properties_typeProperties_connectionString_secretName')]"
                    },
                    "miportal_mysql_prod_properties_typeProperties_connectionString_secretName": {
                        "value": "[parameters('miportal_mysql_prod_properties_typeProperties_connectionString_secretName')]"
                    },
                    "mssql_shir_properties_typeProperties_connectionString_secretName": {
                        "value": "[parameters('mssql_shir_properties_typeProperties_connectionString_secretName')]"
                    },
                    "ne_frame_inventory_properties_typeProperties_connectionString_secretName": {
                        "value": "[parameters('ne_frame_inventory_properties_typeProperties_connectionString_secretName')]"
                    },
                    "ne_screener_properties_typeProperties_connectionString_secretName": {
                        "value": "[parameters('ne_screener_properties_typeProperties_connectionString_secretName')]"
                    }
                }
            },
            "dependsOn": [
                "[resourceId('Microsoft.Resources/deployments', 'dfem4sdf002_ArmTemplate_11')]"
            ]
        },
        {
            "name": "dfem4sdf002_ArmTemplate_13",
            "type": "Microsoft.Resources/deployments",
            "apiVersion": "2018-02-01",
            "properties": {
                "mode": "incremental",
                "templateLink": {
                    "uri": "[concat(parameters('containerUri'), '/ArmTemplate_13.json', parameters('containerSasToken'))]",
                    "contentVersion": "1.0.0.0"
                },
                "parameters": {
                    "factoryName": {
                        "value": "[parameters('factoryName')]"
                    },
                    "overlord_full_connectionString": {
                        "value": "[parameters('overlord_full_connectionString')]"
                    },
                    "wink_sftp_passPhrase": {
                        "value": "[parameters('wink_sftp_passPhrase')]"
                    },
                    "ne_webhelp_sftp_properties_typeProperties_host": {
                        "value": "[parameters('ne_webhelp_sftp_properties_typeProperties_host')]"
                    },
                    "ne_webhelp_sftp_properties_typeProperties_userName": {
                        "value": "[parameters('ne_webhelp_sftp_properties_typeProperties_userName')]"
                    },
                    "nitrogen_properties_typeProperties_host": {
                        "value": "[parameters('nitrogen_properties_typeProperties_host')]"
                    },
                    "nitrogen_properties_typeProperties_userName": {
                        "value": "[parameters('nitrogen_properties_typeProperties_userName')]"
                    },
                    "overlord_properties_typeProperties_connectionString_secretName": {
                        "value": "[parameters('overlord_properties_typeProperties_connectionString_secretName')]"
                    },
                    "reddi_data_migration_properties_typeProperties_host": {
                        "value": "[parameters('reddi_data_migration_properties_typeProperties_host')]"
                    },
                    "reddi_data_migration_properties_typeProperties_userName": {
                        "value": "[parameters('reddi_data_migration_properties_typeProperties_userName')]"
                    },
                    "rest_anonymous_shir_properties_typeProperties_url": {
                        "value": "[parameters('rest_anonymous_shir_properties_typeProperties_url')]"
                    },
                    "symplify_sftp_properties_typeProperties_host": {
                        "value": "[parameters('symplify_sftp_properties_typeProperties_host')]"
                    },
                    "symplify_sftp_properties_typeProperties_userName": {
                        "value": "[parameters('symplify_sftp_properties_typeProperties_userName')]"
                    },
                    "tmp_Databricks_10_2_Runtime_properties_typeProperties_existingClusterId": {
                        "value": "[parameters('tmp_Databricks_10_2_Runtime_properties_typeProperties_existingClusterId')]"
                    },
                    "trintech_sftp_properties_typeProperties_host": {
                        "value": "[parameters('trintech_sftp_properties_typeProperties_host')]"
                    },
                    "trintech_sftp_properties_typeProperties_userName": {
                        "value": "[parameters('trintech_sftp_properties_typeProperties_userName')]"
                    },
                    "wink_sftp_properties_typeProperties_host": {
                        "value": "[parameters('wink_sftp_properties_typeProperties_host')]"
                    },
                    "wink_sftp_properties_typeProperties_userName": {
                        "value": "[parameters('wink_sftp_properties_typeProperties_userName')]"
                    }
                }
            },
            "dependsOn": [
                "[resourceId('Microsoft.Resources/deployments', 'dfem4sdf002_ArmTemplate_12')]"
            ]
        },
        {
            "name": "dfem4sdf002_ArmTemplate_14",
            "type": "Microsoft.Resources/deployments",
            "apiVersion": "2018-02-01",
            "properties": {
                "mode": "incremental",
                "templateLink": {
                    "uri": "[concat(parameters('containerUri'), '/ArmTemplate_14.json', parameters('containerSasToken'))]",
                    "contentVersion": "1.0.0.0"
                },
                "parameters": {
                    "factoryName": {
                        "value": "[parameters('factoryName')]"
                    }
                }
            },
            "dependsOn": [
                "[resourceId('Microsoft.Resources/deployments', 'dfem4sdf002_ArmTemplate_13')]"
            ]
        }
    ]
}