{
    "$schema": "http://schema.management.azure.com/schemas/2015-01-01/deploymentTemplate.json#",
    "contentVersion": "1.0.0.0",
    "parameters": {
        "factoryName": {
            "type": "string",
            "metadata": "Data Factory name",
            "defaultValue": "dfem4sdf002"
        },
        "MFT_sFTP_password": {
            "type": "secureString",
            "metadata": "Secure string for 'password' of 'MFT_sFTP'"
        },
        "Open_acounts_sftp_passPhrase": {
            "type": "secureString",
            "metadata": "Secure string for 'passPhrase' of 'Open_acounts_sftp'"
        },
        "SIS_MTRx_connectionString": {
            "type": "secureString",
            "metadata": "Secure string for 'connectionString' of 'SIS_MTRx'",
            "defaultValue": "DefaultEndpointsProtocol=https;AccountName=stem4qclspint00;"
        },
        "Jira_properties_typeProperties_host": {
            "type": "string",
            "defaultValue": "https://specsavers.atlassian.net/"
        },
        "Jira_properties_typeProperties_username": {
            "type": "string",
            "defaultValue": "jira-datalake-integration@specsavers.com"
        },
        "KeyedIn_properties_typeProperties_url": {
            "type": "string",
            "defaultValue": "https://api.keyedinprojects.co.uk/V3/api/report"
        },
        "KeyedIn_properties_typeProperties_userName": {
            "type": "string",
            "defaultValue": "api@specsavers.com"
        },
        "MASTER_MPP_properties_typeProperties_accessKeyId": {
            "type": "string",
            "defaultValue": "AKIA5PG6CK6O42UNDCUS"
        },
        "MFT_sFTP_properties_typeProperties_host": {
            "type": "string",
            "defaultValue": "odivip.co.ad.specsavers.com"
        },
        "MFT_sFTP_properties_typeProperties_userName": {
            "type": "string",
            "defaultValue": "aprecm"
        },
        "MI_MySQL_properties_typeProperties_connectionString_secretName": {
            "type": "string",
            "defaultValue": "mysql-mi-conn-string"
        },
        "MI_MySQL_properties_typeProperties_userName": {
            "type": "string",
            "defaultValue": "datateam"
        },
        "MPP_DEV_properties_typeProperties_accessKeyId": {
            "type": "string",
            "defaultValue": "AKIASPNFSX5BOIQJR6HY"
        },
        "Maze API_properties_typeProperties_url": {
            "type": "string",
            "defaultValue": "https://mymaze.com/API/Webservice/Export/Survey/GetSurveyData.aspx"
        },
        "NE_FB_properties_typeProperties_url": {
            "type": "string",
            "defaultValue": "@{linkedService().URL}"
        },
        "NavisionSweden_properties_typeProperties_connectionString_secretName": {
            "type": "string",
            "defaultValue": "NavisionSweden"
        },
        "NavisionSweden_properties_typeProperties_userName": {
            "type": "string",
            "defaultValue": "SVC-Datalake-Nav@sps"
        },
        "OAS_properties_typeProperties_connectionString_secretName": {
            "type": "string",
            "defaultValue": "OAS"
        },
        "OCH2_properties_typeProperties_connectionString_secretName": {
            "type": "string",
            "defaultValue": "OCH2"
        },
        "OCH2_SIT_properties_typeProperties_connectionString_secretName": {
            "type": "string",
            "defaultValue": "OCHSIT"
        },
        "Open_acounts_sftp_properties_typeProperties_host": {
            "type": "string",
            "defaultValue": "10.2.4.102"
        },
        "Open_acounts_sftp_properties_typeProperties_userName": {
            "type": "string",
            "defaultValue": "transfer"
        },
        "SISBLob_properties_typeProperties_url": {
            "type": "string",
            "defaultValue": "https://dfem4sbl002.dfs.core.windows.net"
        },
        "ServiceNow_API_properties_typeProperties_url": {
            "type": "string",
            "defaultValue": "@{linkedService().p_base_url}"
        },
        "ServiceNow_API_properties_typeProperties_userName": {
            "type": "string",
            "defaultValue": "ms_data_lake.api"
        },
        "SupplyChain_MySQL_properties_typeProperties_connectionString_secretName": {
            "type": "string",
            "defaultValue": "mysql-dbaasem4psuppchain"
        },
        "SycleGeneric_properties_typeProperties_connectionString_secretName": {
            "type": "string",
            "defaultValue": "@linkedService().kv_secret_name"
        },
        "SycleUAT_properties_typeProperties_connectionString_secretName": {
            "type": "string",
            "defaultValue": "SycleUAT"
        },
        "VT_EBS_Connection_properties_typeProperties_connectionString_secretName": {
            "type": "string",
            "defaultValue": "@linkedService().kv_secret_name"
        }
    },
    "variables": {
        "factoryId": "[concat('Microsoft.DataFactory/factories/', parameters('factoryName'))]"
    },
    "resources": [
        {
            "name": "[concat(parameters('factoryName'), '/Jira')]",
            "type": "Microsoft.DataFactory/factories/linkedServices",
            "apiVersion": "2018-06-01",
            "properties": {
                "annotations": [],
                "type": "Jira",
                "typeProperties": {
                    "host": "[parameters('Jira_properties_typeProperties_host')]",
                    "port": 443,
                    "username": "[parameters('Jira_properties_typeProperties_username')]",
                    "password": {
                        "type": "AzureKeyVaultSecret",
                        "store": {
                            "referenceName": "AzureKeyVault1",
                            "type": "LinkedServiceReference"
                        },
                        "secretName": "db-pmo-jira-token"
                    },
                    "useEncryptedEndpoints": true,
                    "useHostVerification": true,
                    "usePeerVerification": true
                }
            },
            "dependsOn": []
        },
        {
            "name": "[concat(parameters('factoryName'), '/KeyedIn')]",
            "type": "Microsoft.DataFactory/factories/linkedServices",
            "apiVersion": "2018-06-01",
            "properties": {
                "annotations": [],
                "type": "RestService",
                "typeProperties": {
                    "url": "[parameters('KeyedIn_properties_typeProperties_url')]",
                    "enableServerCertificateValidation": true,
                    "authenticationType": "Basic",
                    "userName": "[parameters('KeyedIn_properties_typeProperties_userName')]",
                    "password": {
                        "type": "AzureKeyVaultSecret",
                        "store": {
                            "referenceName": "AzureKeyVault1",
                            "type": "LinkedServiceReference"
                        },
                        "secretName": "db-pmo-token"
                    }
                }
            },
            "dependsOn": []
        },
        {
            "name": "[concat(parameters('factoryName'), '/MASTER_MPP')]",
            "type": "Microsoft.DataFactory/factories/linkedServices",
            "apiVersion": "2018-06-01",
            "properties": {
                "description": "Has access to:\nmpp-client-eu1-pp-specsavers\nmpp-client-eu1-sit-specsavers\nmpp-client-eu2-prod-specsavers\nmpp-client-eu2-uat-specsavers\n",
                "annotations": [],
                "type": "AmazonS3",
                "typeProperties": {
                    "serviceUrl": "",
                    "accessKeyId": "[parameters('MASTER_MPP_properties_typeProperties_accessKeyId')]",
                    "secretAccessKey": {
                        "type": "AzureKeyVaultSecret",
                        "store": {
                            "referenceName": "AzureKeyVault1",
                            "type": "LinkedServiceReference"
                        },
                        "secretName": "master-mpp",
                        "secretVersion": ""
                    },
                    "authenticationType": "AccessKey"
                }
            },
            "dependsOn": []
        },
        {
            "name": "[concat(parameters('factoryName'), '/MFT_sFTP')]",
            "type": "Microsoft.DataFactory/factories/linkedServices",
            "apiVersion": "2018-06-01",
            "properties": {
                "annotations": [],
                "type": "Sftp",
                "typeProperties": {
                    "host": "[parameters('MFT_sFTP_properties_typeProperties_host')]",
                    "port": 22,
                    "skipHostKeyValidation": true,
                    "authenticationType": "Basic",
                    "userName": "[parameters('MFT_sFTP_properties_typeProperties_userName')]",
                    "password": {
                        "type": "SecureString",
                        "value": "[parameters('MFT_sFTP_password')]"
                    }
                },
                "connectVia": {
                    "referenceName": "SHIRBigdata",
                    "type": "IntegrationRuntimeReference"
                }
            },
            "dependsOn": []
        },
        {
            "name": "[concat(parameters('factoryName'), '/MI_MySQL')]",
            "type": "Microsoft.DataFactory/factories/linkedServices",
            "apiVersion": "2018-06-01",
            "properties": {
                "annotations": [],
                "type": "Odbc",
                "typeProperties": {
                    "connectionString": {
                        "type": "AzureKeyVaultSecret",
                        "store": {
                            "referenceName": "AzureKeyVault1",
                            "type": "LinkedServiceReference"
                        },
                        "secretName": "[parameters('MI_MySQL_properties_typeProperties_connectionString_secretName')]"
                    },
                    "authenticationType": "Basic",
                    "userName": "[parameters('MI_MySQL_properties_typeProperties_userName')]",
                    "password": {
                        "type": "AzureKeyVaultSecret",
                        "store": {
                            "referenceName": "AzureKeyVault1",
                            "type": "LinkedServiceReference"
                        },
                        "secretName": "mysql-mi-conn-pwd"
                    }
                },
                "connectVia": {
                    "referenceName": "SHIRBigdata",
                    "type": "IntegrationRuntimeReference"
                }
            },
            "dependsOn": []
        },
        {
            "name": "[concat(parameters('factoryName'), '/MPP_DEV')]",
            "type": "Microsoft.DataFactory/factories/linkedServices",
            "apiVersion": "2018-06-01",
            "properties": {
                "description": "has access to: \nEU1_Perf\nEU1_UAT (SIT)\nEU2_UAT",
                "annotations": [],
                "type": "AmazonS3",
                "typeProperties": {
                    "serviceUrl": "",
                    "accessKeyId": "[parameters('MPP_DEV_properties_typeProperties_accessKeyId')]",
                    "secretAccessKey": {
                        "type": "AzureKeyVaultSecret",
                        "store": {
                            "referenceName": "AzureKeyVault1",
                            "type": "LinkedServiceReference"
                        },
                        "secretName": "MPP-DEV"
                    },
                    "authenticationType": "AccessKey"
                }
            },
            "dependsOn": []
        },
        {
            "name": "[concat(parameters('factoryName'), '/Maze API')]",
            "type": "Microsoft.DataFactory/factories/linkedServices",
            "apiVersion": "2018-06-01",
            "properties": {
                "annotations": [],
                "type": "RestService",
                "typeProperties": {
                    "url": "[parameters('Maze API_properties_typeProperties_url')]",
                    "enableServerCertificateValidation": true,
                    "authenticationType": "Anonymous"
                },
                "connectVia": {
                    "referenceName": "SHIRBigdata",
                    "type": "IntegrationRuntimeReference"
                }
            },
            "dependsOn": []
        },
        {
            "name": "[concat(parameters('factoryName'), '/NE_FB')]",
            "type": "Microsoft.DataFactory/factories/linkedServices",
            "apiVersion": "2018-06-01",
            "properties": {
                "parameters": {
                    "URL": {
                        "type": "string"
                    }
                },
                "annotations": [],
                "type": "RestService",
                "typeProperties": {
                    "url": "[parameters('NE_FB_properties_typeProperties_url')]",
                    "enableServerCertificateValidation": true,
                    "authenticationType": "Anonymous"
                },
                "connectVia": {
                    "referenceName": "SHIRBigdata",
                    "type": "IntegrationRuntimeReference"
                }
            },
            "dependsOn": []
        },
        {
            "name": "[concat(parameters('factoryName'), '/NavisionSweden')]",
            "type": "Microsoft.DataFactory/factories/linkedServices",
            "apiVersion": "2018-06-01",
            "properties": {
                "annotations": [],
                "type": "SqlServer",
                "typeProperties": {
                    "connectionString": {
                        "type": "AzureKeyVaultSecret",
                        "store": {
                            "referenceName": "AzureKeyVault1",
                            "type": "LinkedServiceReference"
                        },
                        "secretName": "[parameters('NavisionSweden_properties_typeProperties_connectionString_secretName')]"
                    },
                    "userName": "[parameters('NavisionSweden_properties_typeProperties_userName')]",
                    "password": {
                        "type": "AzureKeyVaultSecret",
                        "store": {
                            "referenceName": "AzureKeyVault1",
                            "type": "LinkedServiceReference"
                        },
                        "secretName": "NavisionSwedenPassword"
                    }
                },
                "connectVia": {
                    "referenceName": "SHIRBigdata",
                    "type": "IntegrationRuntimeReference"
                }
            },
            "dependsOn": []
        },
        {
            "name": "[concat(parameters('factoryName'), '/OAS')]",
            "type": "Microsoft.DataFactory/factories/linkedServices",
            "apiVersion": "2018-06-01",
            "properties": {
                "annotations": [],
                "type": "MySql",
                "typeProperties": {
                    "connectionString": {
                        "type": "AzureKeyVaultSecret",
                        "store": {
                            "referenceName": "AzureKeyVault1",
                            "type": "LinkedServiceReference"
                        },
                        "secretName": "[parameters('OAS_properties_typeProperties_connectionString_secretName')]"
                    }
                },
                "connectVia": {
                    "referenceName": "SHIRBigdata",
                    "type": "IntegrationRuntimeReference"
                }
            },
            "dependsOn": []
        },
        {
            "name": "[concat(parameters('factoryName'), '/OCH2')]",
            "type": "Microsoft.DataFactory/factories/linkedServices",
            "apiVersion": "2018-06-01",
            "properties": {
                "annotations": [],
                "type": "Oracle",
                "typeProperties": {
                    "connectionString": {
                        "type": "AzureKeyVaultSecret",
                        "store": {
                            "referenceName": "AzureKeyVault1",
                            "type": "LinkedServiceReference"
                        },
                        "secretName": "[parameters('OCH2_properties_typeProperties_connectionString_secretName')]"
                    }
                },
                "connectVia": {
                    "referenceName": "SHIRBigdata",
                    "type": "IntegrationRuntimeReference"
                }
            },
            "dependsOn": []
        },
        {
            "name": "[concat(parameters('factoryName'), '/OCH2_SIT')]",
            "type": "Microsoft.DataFactory/factories/linkedServices",
            "apiVersion": "2018-06-01",
            "properties": {
                "annotations": [],
                "type": "Oracle",
                "typeProperties": {
                    "connectionString": {
                        "type": "AzureKeyVaultSecret",
                        "store": {
                            "referenceName": "AzureKeyVault1",
                            "type": "LinkedServiceReference"
                        },
                        "secretName": "[parameters('OCH2_SIT_properties_typeProperties_connectionString_secretName')]"
                    }
                },
                "connectVia": {
                    "referenceName": "SHIRBigdata",
                    "type": "IntegrationRuntimeReference"
                }
            },
            "dependsOn": []
        },
        {
            "name": "[concat(parameters('factoryName'), '/Open_acounts_sftp')]",
            "type": "Microsoft.DataFactory/factories/linkedServices",
            "apiVersion": "2018-06-01",
            "properties": {
                "annotations": [],
                "type": "Sftp",
                "typeProperties": {
                    "host": "[parameters('Open_acounts_sftp_properties_typeProperties_host')]",
                    "port": 22,
                    "skipHostKeyValidation": true,
                    "authenticationType": "SshPublicKey",
                    "userName": "[parameters('Open_acounts_sftp_properties_typeProperties_userName')]",
                    "privateKeyContent": {
                        "type": "AzureKeyVaultSecret",
                        "store": {
                            "referenceName": "AzureKeyVault1",
                            "type": "LinkedServiceReference"
                        },
                        "secretName": "onprem-ssh-private-key"
                    },
                    "passPhrase": {
                        "type": "SecureString",
                        "value": "[parameters('Open_acounts_sftp_passPhrase')]"
                    }
                },
                "connectVia": {
                    "referenceName": "SHIRBigdata",
                    "type": "IntegrationRuntimeReference"
                }
            },
            "dependsOn": []
        },
        {
            "name": "[concat(parameters('factoryName'), '/SISBLob')]",
            "type": "Microsoft.DataFactory/factories/linkedServices",
            "apiVersion": "2018-06-01",
            "properties": {
                "annotations": [],
                "type": "AzureBlobFS",
                "typeProperties": {
                    "url": "[parameters('SISBLob_properties_typeProperties_url')]",
                    "accountKey": {
                        "type": "AzureKeyVaultSecret",
                        "store": {
                            "referenceName": "AzureKeyVault1",
                            "type": "LinkedServiceReference"
                        },
                        "secretName": "SISBlob"
                    }
                }
            },
            "dependsOn": []
        },
        {
            "name": "[concat(parameters('factoryName'), '/SIS_MTRx')]",
            "type": "Microsoft.DataFactory/factories/linkedServices",
            "apiVersion": "2018-06-01",
            "properties": {
                "description": "SIS MTRx blob storage",
                "annotations": [],
                "type": "AzureBlobStorage",
                "typeProperties": {
                    "connectionString": "[parameters('SIS_MTRx_connectionString')]",
                    "accountKey": {
                        "type": "AzureKeyVaultSecret",
                        "store": {
                            "referenceName": "AzureKeyVault1",
                            "type": "LinkedServiceReference"
                        },
                        "secretName": "SIS-MTRx"
                    }
                }
            },
            "dependsOn": []
        },
        {
            "name": "[concat(parameters('factoryName'), '/ServiceNow_API')]",
            "type": "Microsoft.DataFactory/factories/linkedServices",
            "apiVersion": "2018-06-01",
            "properties": {
                "parameters": {
                    "p_base_url": {
                        "type": "string"
                    }
                },
                "annotations": [],
                "type": "RestService",
                "typeProperties": {
                    "url": "[parameters('ServiceNow_API_properties_typeProperties_url')]",
                    "enableServerCertificateValidation": true,
                    "authenticationType": "Basic",
                    "userName": "[parameters('ServiceNow_API_properties_typeProperties_userName')]",
                    "password": {
                        "type": "AzureKeyVaultSecret",
                        "store": {
                            "referenceName": "AzureKeyVault1",
                            "type": "LinkedServiceReference"
                        },
                        "secretName": "servicenow"
                    }
                }
            },
            "dependsOn": []
        },
        {
            "name": "[concat(parameters('factoryName'), '/SupplyChain_MySQL')]",
            "type": "Microsoft.DataFactory/factories/linkedServices",
            "apiVersion": "2018-06-01",
            "properties": {
                "annotations": [],
                "type": "AzureMySql",
                "typeProperties": {
                    "connectionString": {
                        "type": "AzureKeyVaultSecret",
                        "store": {
                            "referenceName": "AzureKeyVault1",
                            "type": "LinkedServiceReference"
                        },
                        "secretName": "[parameters('SupplyChain_MySQL_properties_typeProperties_connectionString_secretName')]"
                    }
                }
            },
            "dependsOn": []
        },
        {
            "name": "[concat(parameters('factoryName'), '/SycleGeneric')]",
            "type": "Microsoft.DataFactory/factories/linkedServices",
            "apiVersion": "2018-06-01",
            "properties": {
                "parameters": {
                    "kv_secret_name": {
                        "type": "string"
                    }
                },
                "annotations": [],
                "type": "MySql",
                "typeProperties": {
                    "connectionString": {
                        "type": "AzureKeyVaultSecret",
                        "store": {
                            "referenceName": "AzureKeyVault1",
                            "type": "LinkedServiceReference"
                        },
                        "secretName": {
                            "value": "[parameters('SycleGeneric_properties_typeProperties_connectionString_secretName')]",
                            "type": "Expression"
                        }
                    }
                },
                "connectVia": {
                    "referenceName": "SHIRBigdata",
                    "type": "IntegrationRuntimeReference"
                }
            },
            "dependsOn": []
        },
        {
            "name": "[concat(parameters('factoryName'), '/SycleUAT')]",
            "type": "Microsoft.DataFactory/factories/linkedServices",
            "apiVersion": "2018-06-01",
            "properties": {
                "annotations": [],
                "type": "MySql",
                "typeProperties": {
                    "connectionString": {
                        "type": "AzureKeyVaultSecret",
                        "store": {
                            "referenceName": "AzureKeyVault1",
                            "type": "LinkedServiceReference"
                        },
                        "secretName": "[parameters('SycleUAT_properties_typeProperties_connectionString_secretName')]"
                    }
                },
                "connectVia": {
                    "referenceName": "SHIRBigdata",
                    "type": "IntegrationRuntimeReference"
                }
            },
            "dependsOn": []
        },
        {
            "name": "[concat(parameters('factoryName'), '/VT_EBS_Connection')]",
            "type": "Microsoft.DataFactory/factories/linkedServices",
            "apiVersion": "2018-06-01",
            "properties": {
                "description": "Virtual Trader Specific EBS Connection",
                "parameters": {
                    "kv_secret_name": {
                        "type": "string"
                    }
                },
                "annotations": [],
                "type": "Oracle",
                "typeProperties": {
                    "connectionString": {
                        "type": "AzureKeyVaultSecret",
                        "store": {
                            "referenceName": "AzureKeyVault1",
                            "type": "LinkedServiceReference"
                        },
                        "secretName": {
                            "value": "[parameters('VT_EBS_Connection_properties_typeProperties_connectionString_secretName')]",
                            "type": "Expression"
                        }
                    }
                },
                "connectVia": {
                    "referenceName": "SHIRBigdata",
                    "type": "IntegrationRuntimeReference"
                }
            },
            "dependsOn": []
        }
    ]
}