{
    "$schema": "http://schema.management.azure.com/schemas/2015-01-01/deploymentTemplate.json#",
    "contentVersion": "1.0.0.0",
    "parameters": {
        "factoryName": {
            "type": "string",
            "metadata": "Data Factory name",
            "defaultValue": "dfem4sdf002"
        },
        "AdobeSftp_properties_typeProperties_host": {
            "type": "string",
            "defaultValue": "specsavers-mkt-stage2.campaign.adobe.com"
        },
        "AdobeSftp_properties_typeProperties_userName": {
            "type": "string",
            "defaultValue": "specsavers"
        },
        "AdobeSftpDev_properties_typeProperties_host": {
            "type": "string",
            "defaultValue": "specsavers-mkt-dev1.campaign.adobe.com"
        },
        "AdobeSftpDev_properties_typeProperties_userName": {
            "type": "string",
            "defaultValue": "specsavers"
        },
        "AdobeSftpSIT_properties_typeProperties_host": {
            "type": "string",
            "defaultValue": "specsavers-mkt-stage5.campaign.adobe.com"
        },
        "AdobeSftpSIT_properties_typeProperties_userName": {
            "type": "string",
            "defaultValue": "specsavers"
        }
    },
    "variables": {
        "factoryId": "[concat('Microsoft.DataFactory/factories/', parameters('factoryName'))]"
    },
    "resources": [
        {
            "name": "[concat(parameters('factoryName'), '/zz_adobe 15min file collection')]",
            "type": "Microsoft.DataFactory/factories/triggers",
            "apiVersion": "2018-06-01",
            "properties": {
                "description": "business hours and week days only ",
                "annotations": [],
                "runtimeState": "Stopped",
                "pipelines": [],
                "type": "ScheduleTrigger",
                "typeProperties": {
                    "recurrence": {
                        "frequency": "Week",
                        "interval": 1,
                        "startTime": "2023-03-28T10:41:00",
                        "timeZone": "GMT Standard Time",
                        "schedule": {
                            "minutes": [
                                10,
                                25,
                                40,
                                55
                            ],
                            "hours": [
                                9,
                                10,
                                11,
                                12,
                                13,
                                14,
                                15,
                                16,
                                17,
                                18,
                                19
                            ],
                            "weekDays": [
                                "Monday",
                                "Tuesday",
                                "Wednesday",
                                "Thursday",
                                "Friday"
                            ]
                        }
                    }
                }
            },
            "dependsOn": []
        },
        {
            "name": "[concat(parameters('factoryName'), '/zz_adobe_end-end')]",
            "type": "Microsoft.DataFactory/factories/triggers",
            "apiVersion": "2018-06-01",
            "properties": {
                "annotations": [],
                "runtimeState": "Stopped",
                "pipelines": [],
                "type": "ScheduleTrigger",
                "typeProperties": {
                    "recurrence": {
                        "frequency": "Day",
                        "interval": 1,
                        "startTime": "2021-04-06T08:45:00",
                        "timeZone": "GMT Standard Time",
                        "schedule": {
                            "minutes": [
                                45
                            ],
                            "hours": [
                                8
                            ]
                        }
                    }
                }
            },
            "dependsOn": []
        },
        {
            "name": "[concat(parameters('factoryName'), '/zz_adobe_end_to_end_early')]",
            "type": "Microsoft.DataFactory/factories/triggers",
            "apiVersion": "2018-06-01",
            "properties": {
                "description": "an early run to get broadlog uptodate",
                "annotations": [],
                "runtimeState": "Stopped",
                "pipelines": [],
                "type": "ScheduleTrigger",
                "typeProperties": {
                    "recurrence": {
                        "frequency": "Day",
                        "interval": 1,
                        "startTime": "2023-02-16T11:53:00Z",
                        "timeZone": "UTC",
                        "schedule": {
                            "minutes": [
                                30
                            ],
                            "hours": [
                                0
                            ]
                        }
                    }
                }
            },
            "dependsOn": []
        },
        {
            "name": "[concat(parameters('factoryName'), '/zz_aurora Ingestion')]",
            "type": "Microsoft.DataFactory/factories/triggers",
            "apiVersion": "2018-06-01",
            "properties": {
                "annotations": [],
                "runtimeState": "Stopped",
                "pipelines": [],
                "type": "ScheduleTrigger",
                "typeProperties": {
                    "recurrence": {
                        "frequency": "Hour",
                        "interval": 24,
                        "startTime": "2021-03-09T02:00:00Z",
                        "timeZone": "UTC"
                    }
                }
            },
            "dependsOn": []
        },
        {
            "name": "[concat(parameters('factoryName'), '/zz_drupal end-end')]",
            "type": "Microsoft.DataFactory/factories/triggers",
            "apiVersion": "2018-06-01",
            "properties": {
                "description": "Trigger to load the data for drupal from S3 buckets to Data Lake",
                "annotations": [],
                "runtimeState": "Stopped",
                "type": "TumblingWindowTrigger",
                "typeProperties": {
                    "frequency": "Hour",
                    "interval": 24,
                    "startTime": "2020-06-12T02:00:00Z",
                    "delay": "00:10:00",
                    "maxConcurrency": 1,
                    "retryPolicy": {
                        "intervalInSeconds": 30
                    },
                    "dependsOn": []
                }
            },
            "dependsOn": []
        },
        {
            "name": "[concat(parameters('factoryName'), '/zz_ebs Ingestion')]",
            "type": "Microsoft.DataFactory/factories/triggers",
            "apiVersion": "2018-06-01",
            "properties": {
                "annotations": [],
                "runtimeState": "Stopped",
                "pipelines": [],
                "type": "ScheduleTrigger",
                "typeProperties": {
                    "recurrence": {
                        "frequency": "Day",
                        "interval": 1,
                        "startTime": "2020-08-07T06:30:00",
                        "timeZone": "GMT Standard Time",
                        "schedule": {
                            "minutes": [
                                30
                            ],
                            "hours": [
                                6
                            ]
                        }
                    }
                }
            },
            "dependsOn": []
        },
        {
            "name": "[concat(parameters('factoryName'), '/zz_jira end-end')]",
            "type": "Microsoft.DataFactory/factories/triggers",
            "apiVersion": "2018-06-01",
            "properties": {
                "annotations": [],
                "runtimeState": "Stopped",
                "pipelines": [],
                "type": "ScheduleTrigger",
                "typeProperties": {
                    "recurrence": {
                        "frequency": "Day",
                        "interval": 1,
                        "startTime": "2021-06-22T03:55:00",
                        "timeZone": "GMT Standard Time",
                        "schedule": {
                            "minutes": [
                                0
                            ],
                            "hours": [
                                23
                            ]
                        }
                    }
                }
            },
            "dependsOn": []
        },
        {
            "name": "[concat(parameters('factoryName'), '/zz_keyedin_ingest_daily')]",
            "type": "Microsoft.DataFactory/factories/triggers",
            "apiVersion": "2018-06-01",
            "properties": {
                "annotations": [],
                "runtimeState": "Stopped",
                "pipelines": [],
                "type": "ScheduleTrigger",
                "typeProperties": {
                    "recurrence": {
                        "frequency": "Day",
                        "interval": 1,
                        "startTime": "2021-03-25T02:00:00",
                        "timeZone": "GMT Standard Time",
                        "schedule": {
                            "minutes": [
                                0
                            ],
                            "hours": [
                                2
                            ]
                        }
                    }
                }
            },
            "dependsOn": []
        },
        {
            "name": "[concat(parameters('factoryName'), '/zz_keyedin_ingest_weekly')]",
            "type": "Microsoft.DataFactory/factories/triggers",
            "apiVersion": "2018-06-01",
            "properties": {
                "annotations": [],
                "runtimeState": "Stopped",
                "pipelines": [],
                "type": "ScheduleTrigger",
                "typeProperties": {
                    "recurrence": {
                        "frequency": "Week",
                        "interval": 1,
                        "startTime": "2021-03-25T13:55:00",
                        "timeZone": "GMT Standard Time",
                        "schedule": {
                            "minutes": [
                                0
                            ],
                            "hours": [
                                13
                            ],
                            "weekDays": [
                                "Friday"
                            ]
                        }
                    }
                }
            },
            "dependsOn": []
        },
        {
            "name": "[concat(parameters('factoryName'), '/zz_maze-ingestion')]",
            "type": "Microsoft.DataFactory/factories/triggers",
            "apiVersion": "2018-06-01",
            "properties": {
                "annotations": [],
                "runtimeState": "Stopped",
                "type": "TumblingWindowTrigger",
                "typeProperties": {
                    "frequency": "Hour",
                    "interval": 24,
                    "startTime": "2021-03-11T03:30:00Z",
                    "delay": "00:00:00",
                    "maxConcurrency": 1,
                    "retryPolicy": {
                        "intervalInSeconds": 30
                    },
                    "dependsOn": []
                }
            },
            "dependsOn": []
        },
        {
            "name": "[concat(parameters('factoryName'), '/zz_pdh_end-end')]",
            "type": "Microsoft.DataFactory/factories/triggers",
            "apiVersion": "2018-06-01",
            "properties": {
                "annotations": [],
                "runtimeState": "Stopped",
                "type": "TumblingWindowTrigger",
                "typeProperties": {
                    "frequency": "Hour",
                    "interval": 24,
                    "startTime": "2021-12-14T07:00:00Z",
                    "delay": "00:02:00",
                    "maxConcurrency": 1,
                    "retryPolicy": {
                        "intervalInSeconds": 30
                    },
                    "dependsOn": []
                }
            },
            "dependsOn": []
        },
        {
            "name": "[concat(parameters('factoryName'), '/zz_relesys_trigger')]",
            "type": "Microsoft.DataFactory/factories/triggers",
            "apiVersion": "2018-06-01",
            "properties": {
                "description": "Trigger relesys loading",
                "annotations": [],
                "runtimeState": "Stopped",
                "type": "TumblingWindowTrigger",
                "typeProperties": {
                    "frequency": "Hour",
                    "interval": 24,
                    "startTime": "2021-06-22T04:25:00Z",
                    "delay": "00:05:00",
                    "maxConcurrency": 1,
                    "retryPolicy": {
                        "intervalInSeconds": 30
                    },
                    "dependsOn": []
                }
            },
            "dependsOn": []
        },
        {
            "name": "[concat(parameters('factoryName'), '/zzzTestStore_Mid_Term_Rx')]",
            "type": "Microsoft.DataFactory/factories/triggers",
            "apiVersion": "2018-06-01",
            "properties": {
                "annotations": [],
                "runtimeState": "Stopped",
                "pipelines": [],
                "type": "ScheduleTrigger",
                "typeProperties": {
                    "recurrence": {
                        "frequency": "Day",
                        "interval": 1,
                        "startTime": "2021-03-16T10:00:00",
                        "timeZone": "GMT Standard Time",
                        "schedule": {
                            "minutes": [
                                0
                            ],
                            "hours": [
                                4
                            ]
                        }
                    }
                }
            },
            "dependsOn": []
        },
        {
            "name": "[concat(parameters('factoryName'), '/SHIR-BigData-Acousoft-SSL')]",
            "type": "Microsoft.DataFactory/factories/integrationRuntimes",
            "apiVersion": "2018-06-01",
            "properties": {
                "type": "SelfHosted",
                "typeProperties": {}
            },
            "dependsOn": []
        },
        {
            "name": "[concat(parameters('factoryName'), '/SHIRBigdata')]",
            "type": "Microsoft.DataFactory/factories/integrationRuntimes",
            "apiVersion": "2018-06-01",
            "properties": {
                "type": "SelfHosted",
                "typeProperties": {}
            },
            "dependsOn": []
        },
        {
            "name": "[concat(parameters('factoryName'), '/ds_json_read')]",
            "type": "Microsoft.DataFactory/factories/datasets",
            "apiVersion": "2018-06-01",
            "properties": {
                "linkedServiceName": {
                    "referenceName": "ls_storage",
                    "type": "LinkedServiceReference"
                },
                "parameters": {
                    "src_container": {
                        "type": "string",
                        "defaultValue": "migration"
                    },
                    "src_folderpath": {
                        "type": "string"
                    },
                    "tgt_container": {
                        "type": "string",
                        "defaultValue": "migration"
                    },
                    "tgt_folderpatj": {
                        "type": "string"
                    }
                },
                "folder": {
                    "name": "01 - datamigration"
                },
                "annotations": [],
                "type": "Json",
                "typeProperties": {
                    "location": {
                        "type": "AzureBlobFSLocation",
                        "fileName": "config.json",
                        "folderPath": {
                            "value": "@dataset().src_folderpath",
                            "type": "Expression"
                        },
                        "fileSystem": {
                            "value": "@dataset().src_container",
                            "type": "Expression"
                        }
                    }
                },
                "schema": {}
            },
            "dependsOn": []
        },
        {
            "name": "[concat(parameters('factoryName'), '/ds_nonprod_storage')]",
            "type": "Microsoft.DataFactory/factories/datasets",
            "apiVersion": "2018-06-01",
            "properties": {
                "linkedServiceName": {
                    "referenceName": "ls_storage",
                    "type": "LinkedServiceReference"
                },
                "parameters": {
                    "container_name": {
                        "type": "String"
                    },
                    "storage_path": {
                        "type": "String"
                    }
                },
                "folder": {
                    "name": "01 - datamigration"
                },
                "annotations": [],
                "type": "Binary",
                "typeProperties": {
                    "location": {
                        "type": "AzureBlobFSLocation",
                        "fileName": "*",
                        "folderPath": {
                            "value": "@dataset().storage_path",
                            "type": "Expression"
                        },
                        "fileSystem": {
                            "value": "@dataset().container_name",
                            "type": "Expression"
                        }
                    }
                }
            },
            "dependsOn": []
        },
        {
            "name": "[concat(parameters('factoryName'), '/AdobeSftp')]",
            "type": "Microsoft.DataFactory/factories/linkedServices",
            "apiVersion": "2018-06-01",
            "properties": {
                "annotations": [],
                "type": "Sftp",
                "typeProperties": {
                    "host": "[parameters('AdobeSftp_properties_typeProperties_host')]",
                    "port": 22,
                    "skipHostKeyValidation": true,
                    "authenticationType": "SshPublicKey",
                    "userName": "[parameters('AdobeSftp_properties_typeProperties_userName')]",
                    "privateKeyContent": {
                        "type": "AzureKeyVaultSecret",
                        "store": {
                            "referenceName": "AzureKeyVault1",
                            "type": "LinkedServiceReference"
                        },
                        "secretName": "adobe-sftp-key"
                    },
                    "passPhrase": {
                        "type": "AzureKeyVaultSecret",
                        "store": {
                            "referenceName": "AzureKeyVault1",
                            "type": "LinkedServiceReference"
                        },
                        "secretName": "adobe-sftp-passphrase"
                    }
                },
                "connectVia": {
                    "referenceName": "SHIRBigdata",
                    "type": "IntegrationRuntimeReference"
                }
            },
            "dependsOn": [
                "[concat(variables('factoryId'), '/integrationRuntimes/SHIRBigdata')]"
            ]
        },
        {
            "name": "[concat(parameters('factoryName'), '/AdobeSftpDev')]",
            "type": "Microsoft.DataFactory/factories/linkedServices",
            "apiVersion": "2018-06-01",
            "properties": {
                "annotations": [],
                "type": "Sftp",
                "typeProperties": {
                    "host": "[parameters('AdobeSftpDev_properties_typeProperties_host')]",
                    "port": 22,
                    "skipHostKeyValidation": true,
                    "authenticationType": "SshPublicKey",
                    "userName": "[parameters('AdobeSftpDev_properties_typeProperties_userName')]",
                    "privateKeyContent": {
                        "type": "AzureKeyVaultSecret",
                        "store": {
                            "referenceName": "AzureKeyVault1",
                            "type": "LinkedServiceReference"
                        },
                        "secretName": "adobe-sftp-key"
                    },
                    "passPhrase": {
                        "type": "AzureKeyVaultSecret",
                        "store": {
                            "referenceName": "AzureKeyVault1",
                            "type": "LinkedServiceReference"
                        },
                        "secretName": "adobe-sftp-passphrase"
                    }
                },
                "connectVia": {
                    "referenceName": "SHIRBigdata",
                    "type": "IntegrationRuntimeReference"
                }
            },
            "dependsOn": [
                "[concat(variables('factoryId'), '/integrationRuntimes/SHIRBigdata')]"
            ]
        },
        {
            "name": "[concat(parameters('factoryName'), '/AdobeSftpSIT')]",
            "type": "Microsoft.DataFactory/factories/linkedServices",
            "apiVersion": "2018-06-01",
            "properties": {
                "annotations": [],
                "type": "Sftp",
                "typeProperties": {
                    "host": "[parameters('AdobeSftpSIT_properties_typeProperties_host')]",
                    "port": 22,
                    "skipHostKeyValidation": true,
                    "authenticationType": "SshPublicKey",
                    "userName": "[parameters('AdobeSftpSIT_properties_typeProperties_userName')]",
                    "privateKeyContent": {
                        "type": "AzureKeyVaultSecret",
                        "store": {
                            "referenceName": "AzureKeyVault1",
                            "type": "LinkedServiceReference"
                        },
                        "secretName": "adobe-sftp-key"
                    },
                    "passPhrase": {
                        "type": "AzureKeyVaultSecret",
                        "store": {
                            "referenceName": "AzureKeyVault1",
                            "type": "LinkedServiceReference"
                        },
                        "secretName": "adobe-sftp-passphrase"
                    }
                },
                "connectVia": {
                    "referenceName": "SHIRBigdata",
                    "type": "IntegrationRuntimeReference"
                }
            },
            "dependsOn": [
                "[concat(variables('factoryId'), '/integrationRuntimes/SHIRBigdata')]"
            ]
        }
    ]
}