{
    "$schema": "http://schema.management.azure.com/schemas/2015-01-01/deploymentTemplate.json#",
    "contentVersion": "1.0.0.0",
    "parameters": {
        "factoryName": {
            "type": "string",
            "metadata": "Data Factory name",
            "defaultValue": "dfem4sdf002"
        },
        "AmazonS3_secretAccessKey": {
            "type": "secureString",
            "metadata": "Secure string for 'secretAccessKey' of 'AmazonS3'"
        },
        "BIDI_MYSQL_SFTP_passPhrase": {
            "type": "secureString",
            "metadata": "Secure string for 'passPhrase' of 'BIDI_MYSQL_SFTP'"
        },
        "Adobe_Sftp_properties_typeProperties_host": {
            "type": "string",
            "defaultValue": "@{linkedService().host}"
        },
        "Adobe_Sftp_properties_typeProperties_userName": {
            "type": "string",
            "defaultValue": "specsavers"
        },
        "AmazonS3_properties_typeProperties_accessKeyId": {
            "type": "string",
            "defaultValue": "AKIAIJY4MB5OS24JNX7A"
        },
        "AnalystCluster_properties_typeProperties_host": {
            "type": "string",
            "defaultValue": "adb-3067915388771033.13.azuredatabricks.net"
        },
        "AnalystCluster_properties_typeProperties_username": {
            "type": "string",
            "defaultValue": "token"
        },
        "AnalystCluster_properties_typeProperties_httpPath": {
            "type": "string",
            "defaultValue": "sql/protocolv1/o/3067915388771033/0910-114555-fords55"
        },
        "AnalystWorkspace_properties_typeProperties_existingClusterId": {
            "type": "string",
            "defaultValue": "0910-114555-fords55"
        },
        "AzureSQLServer_SCE_arir_properties_typeProperties_connectionString_secretName": {
            "type": "string",
            "defaultValue": "SCE-AzureSQL-Server"
        },
        "BIDI_MYSQL_properties_typeProperties_connectionString_secretName": {
            "type": "string",
            "defaultValue": "BIDI-MySQL"
        },
        "BIDI_MYSQL_properties_typeProperties_userName": {
            "type": "string",
            "defaultValue": "root"
        },
        "BIDI_MYSQL_SFTP_properties_typeProperties_host": {
            "type": "string",
            "defaultValue": "10.2.5.232"
        },
        "BIDI_MYSQL_SFTP_properties_typeProperties_userName": {
            "type": "string",
            "defaultValue": "transfer"
        },
        "Blue Yonder_properties_typeProperties_connectionString_secretName": {
            "type": "string",
            "defaultValue": "@linkedService().kv_secret_name"
        },
        "CISCO_SFTP_properties_typeProperties_host": {
            "type": "string",
            "defaultValue": "10.4.52.24"
        },
        "CISCO_SFTP_properties_typeProperties_userName": {
            "type": "string",
            "defaultValue": "UCCXReports"
        },
        "CLSP NON Prod File Storage_properties_typeProperties_host": {
            "type": "string",
            "defaultValue": "\\\\stem4clspnonprd.file.core.windows.net\\nonproddmdebsfiles"
        },
        "CLSP NON Prod File Storage_properties_typeProperties_userId": {
            "type": "string",
            "defaultValue": "AZURE\\stem4clspnonprd"
        },
        "CLSP PROD File Storage_properties_typeProperties_host": {
            "type": "string",
            "defaultValue": "\\\\stem4clspprd.file.core.windows.net\\proddmdebsfiles"
        },
        "CLSP PROD File Storage_properties_typeProperties_userId": {
            "type": "string",
            "defaultValue": "AZURE\\stem4clspprd"
        },
        "DBR_11_3LTS_Test_properties_typeProperties_existingClusterId": {
            "type": "string",
            "defaultValue": "1116-094903-amm5edrp"
        },
        "Data_Science_ML_Studio_properties_typeProperties_subscriptionId": {
            "type": "string",
            "defaultValue": "6b10cbce-3802-47ef-a739-40e1bbd16a33"
        },
        "Data_Science_ML_Studio_properties_typeProperties_resourceGroupName": {
            "type": "string",
            "defaultValue": "rgem4pbdmlstudio001"
        },
        "Data_Science_ML_Studio_properties_typeProperties_servicePrincipalId": {
            "type": "string",
            "defaultValue": "36916825-f5db-46b6-9085-7d177c7a84d9"
        },
        "Data_Science_ML_Studio_properties_typeProperties_tenant": {
            "type": "string",
            "defaultValue": "cfd94e65-c6bc-4fa7-bbd0-c0f9ffcda1b4"
        },
        "DatabricksAPI_properties_typeProperties_url": {
            "type": "string",
            "defaultValue": "https://adb-963217415579381.1.azuredatabricks.net"
        },
        "DatabricksAPI_properties_typeProperties_userName": {
            "type": "string",
            "defaultValue": "token"
        },
        "DefaultDataLake_properties_typeProperties_url": {
            "type": "string",
            "defaultValue": "https://dfem4sdl002.dfs.core.windows.net"
        },
        "EBS_properties_typeProperties_connectionString_secretName": {
            "type": "string",
            "defaultValue": "@linkedService().kv_secret_name"
        },
        "EGAIN_SFTP_properties_typeProperties_host": {
            "type": "string",
            "defaultValue": "EGIRSFTP.EGAIN.CLOUD"
        },
        "EGAIN_SFTP_properties_typeProperties_userName": {
            "type": "string",
            "defaultValue": "$FTP&Specsavers"
        },
        "EU_Marketing_S3_properties_typeProperties_accessKeyId": {
            "type": "string",
            "defaultValue": "AKIAUEZ7MBYIVQZYSZMG"
        },
        "Epiphany_CLSP_file_storage_properties_typeProperties_host": {
            "type": "string",
            "defaultValue": "10.2.4.62"
        },
        "Epiphany_CLSP_file_storage_properties_typeProperties_userName": {
            "type": "string",
            "defaultValue": "clsp"
        },
        "JDA_LOL_properties_typeProperties_connectionString_secretName": {
            "type": "string",
            "defaultValue": "JDA-LOL"
        }
    },
    "variables": {
        "factoryId": "[concat('Microsoft.DataFactory/factories/', parameters('factoryName'))]"
    },
    "resources": [
        {
            "name": "[concat(parameters('factoryName'), '/Adobe_Sftp')]",
            "type": "Microsoft.DataFactory/factories/linkedServices",
            "apiVersion": "2018-06-01",
            "properties": {
                "parameters": {
                    "host": {
                        "type": "string"
                    }
                },
                "annotations": [],
                "type": "Sftp",
                "typeProperties": {
                    "host": "[parameters('Adobe_Sftp_properties_typeProperties_host')]",
                    "port": 22,
                    "skipHostKeyValidation": true,
                    "authenticationType": "SshPublicKey",
                    "userName": "[parameters('Adobe_Sftp_properties_typeProperties_userName')]",
                    "privateKeyContent": {
                        "type": "AzureKeyVaultSecret",
                        "store": {
                            "referenceName": "AzureKeyVault1",
                            "type": "LinkedServiceReference"
                        },
                        "secretName": {
                            "value": "adobe-sftp-key",
                            "type": "Expression"
                        }
                    },
                    "passPhrase": {
                        "type": "AzureKeyVaultSecret",
                        "store": {
                            "referenceName": "AzureKeyVault1",
                            "type": "LinkedServiceReference"
                        },
                        "secretName": "adobe-sftp-passphrase"
                    }
                },
                "connectVia": {
                    "referenceName": "SHIRBigdata",
                    "type": "IntegrationRuntimeReference"
                }
            },
            "dependsOn": []
        },
        {
            "name": "[concat(parameters('factoryName'), '/AmazonS3')]",
            "type": "Microsoft.DataFactory/factories/linkedServices",
            "apiVersion": "2018-06-01",
            "properties": {
                "annotations": [],
                "type": "AmazonS3",
                "typeProperties": {
                    "serviceUrl": "",
                    "accessKeyId": "[parameters('AmazonS3_properties_typeProperties_accessKeyId')]",
                    "secretAccessKey": {
                        "type": "SecureString",
                        "value": "[parameters('AmazonS3_secretAccessKey')]"
                    },
                    "authenticationType": "AccessKey"
                },
                "connectVia": {
                    "referenceName": "SHIRBigdata",
                    "type": "IntegrationRuntimeReference"
                }
            },
            "dependsOn": []
        },
        {
            "name": "[concat(parameters('factoryName'), '/AnalystCluster')]",
            "type": "Microsoft.DataFactory/factories/linkedServices",
            "apiVersion": "2018-06-01",
            "properties": {
                "annotations": [],
                "type": "Spark",
                "typeProperties": {
                    "host": "[parameters('AnalystCluster_properties_typeProperties_host')]",
                    "port": 443,
                    "serverType": "SparkThriftServer",
                    "thriftTransportProtocol": "HTTP",
                    "authenticationType": "UsernameAndPassword",
                    "username": "[parameters('AnalystCluster_properties_typeProperties_username')]",
                    "password": {
                        "type": "AzureKeyVaultSecret",
                        "store": {
                            "referenceName": "AzureKeyVault1",
                            "type": "LinkedServiceReference"
                        },
                        "secretName": "analyst-cluster-key"
                    },
                    "httpPath": "[parameters('AnalystCluster_properties_typeProperties_httpPath')]",
                    "enableSsl": true,
                    "useSystemTrustStore": false,
                    "allowHostNameCNMismatch": false,
                    "allowSelfSignedServerCert": false
                }
            },
            "dependsOn": []
        },
        {
            "name": "[concat(parameters('factoryName'), '/AnalystWorkspace')]",
            "type": "Microsoft.DataFactory/factories/linkedServices",
            "apiVersion": "2018-06-01",
            "properties": {
                "description": "Links to the analyst cluster in prod and dev cluster in dev",
                "annotations": [],
                "type": "AzureDatabricks",
                "typeProperties": {
                    "domain": "https://adb-3067915388771033.13.azuredatabricks.net",
                    "accessToken": {
                        "type": "AzureKeyVaultSecret",
                        "store": {
                            "referenceName": "AzureKeyVault1",
                            "type": "LinkedServiceReference"
                        },
                        "secretName": "analyst-cluster-key"
                    },
                    "existingClusterId": "[parameters('AnalystWorkspace_properties_typeProperties_existingClusterId')]"
                }
            },
            "dependsOn": []
        },
        {
            "name": "[concat(parameters('factoryName'), '/AzureSQLServer_SCE_arir')]",
            "type": "Microsoft.DataFactory/factories/linkedServices",
            "apiVersion": "2018-06-01",
            "properties": {
                "description": "Connectivity to the Azure SQL database for SCE Migration",
                "annotations": [],
                "type": "AzureSqlDatabase",
                "typeProperties": {
                    "connectionString": {
                        "type": "AzureKeyVaultSecret",
                        "store": {
                            "referenceName": "AzureKeyVault1",
                            "type": "LinkedServiceReference"
                        },
                        "secretName": "[parameters('AzureSQLServer_SCE_arir_properties_typeProperties_connectionString_secretName')]"
                    }
                }
            },
            "dependsOn": []
        },
        {
            "name": "[concat(parameters('factoryName'), '/BIDI_MYSQL')]",
            "type": "Microsoft.DataFactory/factories/linkedServices",
            "apiVersion": "2018-06-01",
            "properties": {
                "annotations": [],
                "type": "Odbc",
                "typeProperties": {
                    "connectionString": {
                        "type": "AzureKeyVaultSecret",
                        "store": {
                            "referenceName": "AzureKeyVault1",
                            "type": "LinkedServiceReference"
                        },
                        "secretName": "[parameters('BIDI_MYSQL_properties_typeProperties_connectionString_secretName')]"
                    },
                    "authenticationType": "Basic",
                    "userName": "[parameters('BIDI_MYSQL_properties_typeProperties_userName')]",
                    "password": {
                        "type": "AzureKeyVaultSecret",
                        "store": {
                            "referenceName": "AzureKeyVault1",
                            "type": "LinkedServiceReference"
                        },
                        "secretName": "BIDI-MySQL-password"
                    }
                },
                "connectVia": {
                    "referenceName": "SHIRBigdata",
                    "type": "IntegrationRuntimeReference"
                }
            },
            "dependsOn": []
        },
        {
            "name": "[concat(parameters('factoryName'), '/BIDI_MYSQL_SFTP')]",
            "type": "Microsoft.DataFactory/factories/linkedServices",
            "apiVersion": "2018-06-01",
            "properties": {
                "annotations": [],
                "type": "Sftp",
                "typeProperties": {
                    "host": "[parameters('BIDI_MYSQL_SFTP_properties_typeProperties_host')]",
                    "port": 22,
                    "skipHostKeyValidation": true,
                    "authenticationType": "SshPublicKey",
                    "userName": "[parameters('BIDI_MYSQL_SFTP_properties_typeProperties_userName')]",
                    "privateKeyContent": {
                        "type": "AzureKeyVaultSecret",
                        "store": {
                            "referenceName": "AzureKeyVault1",
                            "type": "LinkedServiceReference"
                        },
                        "secretName": "onprem-ssh-private-key"
                    },
                    "passPhrase": {
                        "type": "SecureString",
                        "value": "[parameters('BIDI_MYSQL_SFTP_passPhrase')]"
                    }
                },
                "connectVia": {
                    "referenceName": "SHIRBigdata",
                    "type": "IntegrationRuntimeReference"
                }
            },
            "dependsOn": []
        },
        {
            "name": "[concat(parameters('factoryName'), '/Blue Yonder')]",
            "type": "Microsoft.DataFactory/factories/linkedServices",
            "apiVersion": "2018-06-01",
            "properties": {
                "parameters": {
                    "kv_secret_name": {
                        "type": "string"
                    }
                },
                "annotations": [],
                "type": "Oracle",
                "typeProperties": {
                    "connectionString": {
                        "type": "AzureKeyVaultSecret",
                        "store": {
                            "referenceName": "AzureKeyVault1",
                            "type": "LinkedServiceReference"
                        },
                        "secretName": {
                            "value": "[parameters('Blue Yonder_properties_typeProperties_connectionString_secretName')]",
                            "type": "Expression"
                        }
                    }
                },
                "connectVia": {
                    "referenceName": "SHIRBigdata",
                    "type": "IntegrationRuntimeReference"
                }
            },
            "dependsOn": []
        },
        {
            "name": "[concat(parameters('factoryName'), '/CISCO_SFTP')]",
            "type": "Microsoft.DataFactory/factories/linkedServices",
            "apiVersion": "2018-06-01",
            "properties": {
                "annotations": [],
                "type": "Sftp",
                "typeProperties": {
                    "host": "[parameters('CISCO_SFTP_properties_typeProperties_host')]",
                    "port": 22,
                    "skipHostKeyValidation": true,
                    "authenticationType": "Basic",
                    "userName": "[parameters('CISCO_SFTP_properties_typeProperties_userName')]",
                    "password": {
                        "type": "AzureKeyVaultSecret",
                        "store": {
                            "referenceName": "AzureKeyVault1",
                            "type": "LinkedServiceReference"
                        },
                        "secretName": "contact-centre-sftp-cisco"
                    }
                },
                "connectVia": {
                    "referenceName": "SHIRBigdata",
                    "type": "IntegrationRuntimeReference"
                }
            },
            "dependsOn": []
        },
        {
            "name": "[concat(parameters('factoryName'), '/CLSP NON Prod File Storage')]",
            "type": "Microsoft.DataFactory/factories/linkedServices",
            "apiVersion": "2018-06-01",
            "properties": {
                "description": "DM50",
                "annotations": [],
                "type": "AzureFileStorage",
                "typeProperties": {
                    "host": "[parameters('CLSP NON Prod File Storage_properties_typeProperties_host')]",
                    "userId": "[parameters('CLSP NON Prod File Storage_properties_typeProperties_userId')]",
                    "password": {
                        "type": "AzureKeyVaultSecret",
                        "store": {
                            "referenceName": "AzureKeyVault1",
                            "type": "LinkedServiceReference"
                        },
                        "secretName": "CLSPfileshareNonProd"
                    }
                },
                "connectVia": {
                    "referenceName": "SHIRBigdata",
                    "type": "IntegrationRuntimeReference"
                }
            },
            "dependsOn": []
        },
        {
            "name": "[concat(parameters('factoryName'), '/CLSP PROD File Storage')]",
            "type": "Microsoft.DataFactory/factories/linkedServices",
            "apiVersion": "2018-06-01",
            "properties": {
                "description": "DM70",
                "annotations": [],
                "type": "AzureFileStorage",
                "typeProperties": {
                    "host": "[parameters('CLSP PROD File Storage_properties_typeProperties_host')]",
                    "userId": "[parameters('CLSP PROD File Storage_properties_typeProperties_userId')]",
                    "password": {
                        "type": "AzureKeyVaultSecret",
                        "store": {
                            "referenceName": "AzureKeyVault1",
                            "type": "LinkedServiceReference"
                        },
                        "secretName": "CLSPfileShareProd"
                    }
                },
                "connectVia": {
                    "referenceName": "SHIRBigdata",
                    "type": "IntegrationRuntimeReference"
                }
            },
            "dependsOn": []
        },
        {
            "name": "[concat(parameters('factoryName'), '/DBR_11_3LTS_Test')]",
            "type": "Microsoft.DataFactory/factories/linkedServices",
            "apiVersion": "2018-06-01",
            "properties": {
                "annotations": [],
                "type": "AzureDatabricks",
                "typeProperties": {
                    "domain": "https://westeurope.azuredatabricks.net",
                    "accessToken": {
                        "type": "AzureKeyVaultSecret",
                        "store": {
                            "referenceName": "AzureKeyVault1",
                            "type": "LinkedServiceReference"
                        },
                        "secretName": "generaldatabrickscluster"
                    },
                    "existingClusterId": "[parameters('DBR_11_3LTS_Test_properties_typeProperties_existingClusterId')]"
                }
            },
            "dependsOn": []
        },
        {
            "name": "[concat(parameters('factoryName'), '/Data_Science_ML_Studio')]",
            "type": "Microsoft.DataFactory/factories/linkedServices",
            "apiVersion": "2018-06-01",
            "properties": {
                "annotations": [],
                "type": "AzureMLService",
                "typeProperties": {
                    "subscriptionId": "[parameters('Data_Science_ML_Studio_properties_typeProperties_subscriptionId')]",
                    "resourceGroupName": "[parameters('Data_Science_ML_Studio_properties_typeProperties_resourceGroupName')]",
                    "mlWorkspaceName": "Prod_MLStudio",
                    "servicePrincipalId": "[parameters('Data_Science_ML_Studio_properties_typeProperties_servicePrincipalId')]",
                    "servicePrincipalKey": {
                        "type": "AzureKeyVaultSecret",
                        "store": {
                            "referenceName": "AzureKeyVault1",
                            "type": "LinkedServiceReference"
                        },
                        "secretName": "mlstudio-serviceprincipal-key"
                    },
                    "tenant": "[parameters('Data_Science_ML_Studio_properties_typeProperties_tenant')]"
                }
            },
            "dependsOn": []
        },
        {
            "name": "[concat(parameters('factoryName'), '/DatabricksAPI')]",
            "type": "Microsoft.DataFactory/factories/linkedServices",
            "apiVersion": "2018-06-01",
            "properties": {
                "annotations": [],
                "type": "HttpServer",
                "typeProperties": {
                    "url": "[parameters('DatabricksAPI_properties_typeProperties_url')]",
                    "enableServerCertificateValidation": true,
                    "authenticationType": "Basic",
                    "userName": "[parameters('DatabricksAPI_properties_typeProperties_userName')]",
                    "password": {
                        "type": "AzureKeyVaultSecret",
                        "store": {
                            "referenceName": "AzureKeyVault1",
                            "type": "LinkedServiceReference"
                        },
                        "secretName": "analyst-cluster-key"
                    }
                }
            },
            "dependsOn": []
        },
        {
            "name": "[concat(parameters('factoryName'), '/DefaultDataLake')]",
            "type": "Microsoft.DataFactory/factories/linkedServices",
            "apiVersion": "2018-06-01",
            "properties": {
                "description": "The default Data lake for Ingestion preparation, processing and refining",
                "annotations": [],
                "type": "AzureBlobFS",
                "typeProperties": {
                    "url": "[parameters('DefaultDataLake_properties_typeProperties_url')]",
                    "accountKey": {
                        "type": "AzureKeyVaultSecret",
                        "store": {
                            "referenceName": "AzureKeyVault1",
                            "type": "LinkedServiceReference"
                        },
                        "secretName": "defaultdatalake"
                    }
                }
            },
            "dependsOn": []
        },
        {
            "name": "[concat(parameters('factoryName'), '/EBS')]",
            "type": "Microsoft.DataFactory/factories/linkedServices",
            "apiVersion": "2018-06-01",
            "properties": {
                "parameters": {
                    "kv_secret_name": {
                        "type": "string"
                    }
                },
                "annotations": [],
                "type": "Oracle",
                "typeProperties": {
                    "connectionString": {
                        "type": "AzureKeyVaultSecret",
                        "store": {
                            "referenceName": "AzureKeyVault1",
                            "type": "LinkedServiceReference"
                        },
                        "secretName": {
                            "value": "[parameters('EBS_properties_typeProperties_connectionString_secretName')]",
                            "type": "Expression"
                        }
                    }
                },
                "connectVia": {
                    "referenceName": "SHIRBigdata",
                    "type": "IntegrationRuntimeReference"
                }
            },
            "dependsOn": []
        },
        {
            "name": "[concat(parameters('factoryName'), '/EGAIN_SFTP')]",
            "type": "Microsoft.DataFactory/factories/linkedServices",
            "apiVersion": "2018-06-01",
            "properties": {
                "annotations": [],
                "type": "Sftp",
                "typeProperties": {
                    "host": "[parameters('EGAIN_SFTP_properties_typeProperties_host')]",
                    "port": 22,
                    "skipHostKeyValidation": true,
                    "authenticationType": "Basic",
                    "userName": "[parameters('EGAIN_SFTP_properties_typeProperties_userName')]",
                    "password": {
                        "type": "AzureKeyVaultSecret",
                        "store": {
                            "referenceName": "AzureKeyVault1",
                            "type": "LinkedServiceReference"
                        },
                        "secretName": "contact-centre-sftp-egain"
                    }
                }
            },
            "dependsOn": []
        },
        {
            "name": "[concat(parameters('factoryName'), '/EU_Marketing_S3')]",
            "type": "Microsoft.DataFactory/factories/linkedServices",
            "apiVersion": "2018-06-01",
            "properties": {
                "annotations": [],
                "type": "AmazonS3",
                "typeProperties": {
                    "serviceUrl": "",
                    "accessKeyId": "[parameters('EU_Marketing_S3_properties_typeProperties_accessKeyId')]",
                    "secretAccessKey": {
                        "type": "AzureKeyVaultSecret",
                        "store": {
                            "referenceName": "AzureKeyVault1",
                            "type": "LinkedServiceReference"
                        },
                        "secretName": "eu-s3-marketing"
                    },
                    "authenticationType": "AccessKey"
                },
                "connectVia": {
                    "referenceName": "SHIRBigdata",
                    "type": "IntegrationRuntimeReference"
                }
            },
            "dependsOn": []
        },
        {
            "name": "[concat(parameters('factoryName'), '/Epiphany_CLSP_file_storage')]",
            "type": "Microsoft.DataFactory/factories/linkedServices",
            "apiVersion": "2018-06-01",
            "properties": {
                "annotations": [],
                "type": "Sftp",
                "typeProperties": {
                    "host": "[parameters('Epiphany_CLSP_file_storage_properties_typeProperties_host')]",
                    "port": 22,
                    "skipHostKeyValidation": true,
                    "authenticationType": "Basic",
                    "userName": "[parameters('Epiphany_CLSP_file_storage_properties_typeProperties_userName')]",
                    "password": {
                        "type": "AzureKeyVaultSecret",
                        "store": {
                            "referenceName": "AzureKeyVault1",
                            "type": "LinkedServiceReference"
                        },
                        "secretName": "epiphany-icarus-sftp",
                        "secretVersion": ""
                    }
                },
                "connectVia": {
                    "referenceName": "SHIRBigdata",
                    "type": "IntegrationRuntimeReference"
                }
            },
            "dependsOn": []
        },
        {
            "name": "[concat(parameters('factoryName'), '/JDA_LOL')]",
            "type": "Microsoft.DataFactory/factories/linkedServices",
            "apiVersion": "2018-06-01",
            "properties": {
                "annotations": [],
                "type": "Oracle",
                "typeProperties": {
                    "connectionString": {
                        "type": "AzureKeyVaultSecret",
                        "store": {
                            "referenceName": "AzureKeyVault1",
                            "type": "LinkedServiceReference"
                        },
                        "secretName": "[parameters('JDA_LOL_properties_typeProperties_connectionString_secretName')]"
                    }
                },
                "connectVia": {
                    "referenceName": "SHIRBigdata",
                    "type": "IntegrationRuntimeReference"
                }
            },
            "dependsOn": []
        }
    ]
}