{
    "name": "pl_ingest_syclemig_fnd_to_trusted",
    "properties": {
        "description": "pl_ingest_sycle_src_to_raw",
        "activities": [
            {
                "name": "CNFG_FND_TO_TRST",
                "description": "Select the active records from config view to process foundation to trusted data ingestion  for the given site code as parameter ( Uk / XC/ ROI )",
                "type": "Lookup",
                "dependsOn": [
                    {
                        "activity": "Generate Log",
                        "dependencyConditions": [
                            "Succeeded"
                        ]
                    }
                ],
                "policy": {
                    "timeout": "7.00:00:00",
                    "retry": 0,
                    "retryIntervalInSeconds": 30,
                    "secureOutput": false,
                    "secureInput": false
                },
                "userProperties": [],
                "typeProperties": {
                    "source": {
                        "type": "AzureSqlSource",
                        "sqlReaderStoredProcedureName": "[audit_mig].[spFundToTrusted]",
                        "storedProcedureParameters": {
                            "env": {
                                "type": "String",
                                "value": {
                                    "value": "@pipeline().parameters.env",
                                    "type": "Expression"
                                }
                            },
                            "results": {
                                "type": "String",
                                "value": "null"
                            },
                            "sitecode": {
                                "type": "String",
                                "value": {
                                    "value": "@pipeline().parameters.SiteCode",
                                    "type": "Expression"
                                }
                            },
                            "LoadType": {
                                "type": "String",
                                "value": {
                                    "value": "@pipeline().parameters.LoadType",
                                    "type": "Expression"
                                }
                            }
                        },
                        "queryTimeout": "02:00:00",
                        "partitionOption": "None"
                    },
                    "dataset": {
                        "referenceName": "ds_asql_gen_sycle_dm_config",
                        "type": "DatasetReference",
                        "parameters": {
                            "p_schname": "audit_mig",
                            "p_tblname": "adf-datapipeline-config"
                        }
                    },
                    "firstRowOnly": false
                }
            },
            {
                "name": "Generate Log",
                "description": "Invoke the stored proc [audit_mig].[spdtplInsertStatus] ",
                "type": "SqlServerStoredProcedure",
                "dependsOn": [],
                "policy": {
                    "timeout": "7.00:00:00",
                    "retry": 0,
                    "retryIntervalInSeconds": 30,
                    "secureOutput": false,
                    "secureInput": false
                },
                "userProperties": [],
                "typeProperties": {
                    "storedProcedureName": "[audit_mig].[spdtplInsertStatus]",
                    "storedProcedureParameters": {
                        "AdfPipeLineRunid": {
                            "value": {
                                "value": "@pipeline().RunId",
                                "type": "Expression"
                            },
                            "type": "String"
                        },
                        "DataFactoryName": {
                            "value": {
                                "value": "@pipeline().DataFactory",
                                "type": "Expression"
                            },
                            "type": "String"
                        },
                        "ProcessName": {
                            "value": {
                                "value": "FOUNDATION-TO-TRUSTED",
                                "type": "Expression"
                            },
                            "type": "String"
                        },
                        "SiteCode": {
                            "value": {
                                "value": "@pipeline().parameters.SiteCode",
                                "type": "Expression"
                            },
                            "type": "String"
                        }
                    }
                },
                "linkedServiceName": {
                    "referenceName": "defaultSQLdatabase",
                    "type": "LinkedServiceReference"
                }
            },
            {
                "name": "ForEach-Fnd-To-Trusted",
                "type": "ForEach",
                "dependsOn": [
                    {
                        "activity": "CNFG_FND_TO_TRST",
                        "dependencyConditions": [
                            "Succeeded"
                        ]
                    }
                ],
                "userProperties": [],
                "typeProperties": {
                    "items": {
                        "value": "@activity('CNFG_FND_TO_TRST').output.value",
                        "type": "Expression"
                    },
                    "isSequential": true,
                    "activities": [
                        {
                            "name": "nb_foundation_to_trusted",
                            "type": "DatabricksNotebook",
                            "dependsOn": [
                                {
                                    "activity": "Running_UpdateLog",
                                    "dependencyConditions": [
                                        "Succeeded"
                                    ]
                                }
                            ],
                            "policy": {
                                "timeout": "7.00:00:00",
                                "retry": 0,
                                "retryIntervalInSeconds": 30,
                                "secureOutput": false,
                                "secureInput": false
                            },
                            "userProperties": [],
                            "typeProperties": {
                                "notebookPath": "/data_migration/sycle_audiology/notebooks/data_ingestion_by_layer/nb_foundation_to_trusted",
                                "baseParameters": {
                                    "BatchID": {
                                        "value": "@item().Batch_ID",
                                        "type": "Expression"
                                    },
                                    "BatchUpdateDate": {
                                        "value": "@item().Batch_Start_DateTime",
                                        "type": "Expression"
                                    },
                                    "Country": {
                                        "value": "@item().Country",
                                        "type": "Expression"
                                    },
                                    "FoundationSchema": {
                                        "value": "@item().FoundationSchema",
                                        "type": "Expression"
                                    },
                                    "SourceSQL": {
                                        "value": "@item().SourceSQL",
                                        "type": "Expression"
                                    },
                                    "TrustedSchema": {
                                        "value": "@item().TrustedSchema",
                                        "type": "Expression"
                                    },
                                    "TrustedTable": {
                                        "value": "@item().TrustedTable",
                                        "type": "Expression"
                                    },
                                    "LoadType": {
                                        "value": "@item().LoadType",
                                        "type": "Expression"
                                    }
                                }
                            },
                            "linkedServiceName": {
                                "referenceName": "mediumdatabrickscluster",
                                "type": "LinkedServiceReference"
                            }
                        },
                        {
                            "name": "Running_UpdateLog",
                            "type": "SqlServerStoredProcedure",
                            "dependsOn": [],
                            "policy": {
                                "timeout": "7.00:00:00",
                                "retry": 0,
                                "retryIntervalInSeconds": 30,
                                "secureOutput": false,
                                "secureInput": false
                            },
                            "userProperties": [],
                            "typeProperties": {
                                "storedProcedureName": "[audit_mig].[spdtplUpdateStatus]",
                                "storedProcedureParameters": {
                                    "PipelineRunId": {
                                        "value": {
                                            "value": "@pipeline().RunId",
                                            "type": "Expression"
                                        },
                                        "type": "String"
                                    },
                                    "ProcessFlag": {
                                        "value": "FOUNDATION-TO-TRUSTED",
                                        "type": "String"
                                    },
                                    "ProcessName": {
                                        "value": {
                                            "value": "@item().SourceTable",
                                            "type": "Expression"
                                        },
                                        "type": "String"
                                    },
                                    "ProcessSchemaName": {
                                        "value": {
                                            "value": "@item().SourceSchema",
                                            "type": "Expression"
                                        },
                                        "type": "String"
                                    },
                                    "ProcessStatus": {
                                        "value": "Running",
                                        "type": "String"
                                    }
                                }
                            },
                            "linkedServiceName": {
                                "referenceName": "defaultSQLdatabase",
                                "type": "LinkedServiceReference"
                            }
                        },
                        {
                            "name": "If Condition1",
                            "type": "IfCondition",
                            "dependsOn": [
                                {
                                    "activity": "nb_foundation_to_trusted",
                                    "dependencyConditions": [
                                        "Succeeded"
                                    ]
                                }
                            ],
                            "userProperties": [],
                            "typeProperties": {
                                "expression": {
                                    "value": "@equals(activity('nb_foundation_to_trusted').output.runoutput,'True')",
                                    "type": "Expression"
                                },
                                "ifFalseActivities": [
                                    {
                                        "name": "On_Error",
                                        "type": "SqlServerStoredProcedure",
                                        "dependsOn": [],
                                        "policy": {
                                            "timeout": "7.00:00:00",
                                            "retry": 0,
                                            "retryIntervalInSeconds": 30,
                                            "secureOutput": false,
                                            "secureInput": false
                                        },
                                        "userProperties": [],
                                        "typeProperties": {
                                            "storedProcedureName": "[audit_mig].[spdtplUpdateStatus]",
                                            "storedProcedureParameters": {
                                                "PipelineRunId": {
                                                    "value": {
                                                        "value": "@pipeline().RunId",
                                                        "type": "Expression"
                                                    },
                                                    "type": "String"
                                                },
                                                "ProcessFlag": {
                                                    "value": "FOUNDATION-TO-TRUSTED",
                                                    "type": "String"
                                                },
                                                "ProcessName": {
                                                    "value": {
                                                        "value": "@item().SourceTable",
                                                        "type": "Expression"
                                                    },
                                                    "type": "String"
                                                },
                                                "ProcessSchemaName": {
                                                    "value": {
                                                        "value": "@item().p_FoundationSchema",
                                                        "type": "Expression"
                                                    },
                                                    "type": "String"
                                                },
                                                "ProcessStatus": {
                                                    "value": "Failure",
                                                    "type": "String"
                                                }
                                            }
                                        },
                                        "linkedServiceName": {
                                            "referenceName": "defaultSQLdatabase",
                                            "type": "LinkedServiceReference"
                                        }
                                    }
                                ],
                                "ifTrueActivities": [
                                    {
                                        "name": "On_Success",
                                        "type": "SqlServerStoredProcedure",
                                        "dependsOn": [],
                                        "policy": {
                                            "timeout": "7.00:00:00",
                                            "retry": 0,
                                            "retryIntervalInSeconds": 30,
                                            "secureOutput": false,
                                            "secureInput": false
                                        },
                                        "userProperties": [],
                                        "typeProperties": {
                                            "storedProcedureName": "[audit_mig].[spdtplUpdateStatus]",
                                            "storedProcedureParameters": {
                                                "PipelineRunId": {
                                                    "value": {
                                                        "value": "@pipeline().RunId",
                                                        "type": "Expression"
                                                    },
                                                    "type": "String"
                                                },
                                                "ProcessFlag": {
                                                    "value": "FOUNDATION-TO-TRUSTED",
                                                    "type": "String"
                                                },
                                                "ProcessName": {
                                                    "value": {
                                                        "value": "@item().SourceTable",
                                                        "type": "Expression"
                                                    },
                                                    "type": "String"
                                                },
                                                "ProcessSchemaName": {
                                                    "value": {
                                                        "value": "@item().p_FoundationSchema",
                                                        "type": "Expression"
                                                    },
                                                    "type": "String"
                                                },
                                                "ProcessStatus": {
                                                    "value": "Success",
                                                    "type": "String"
                                                }
                                            }
                                        },
                                        "linkedServiceName": {
                                            "referenceName": "defaultSQLdatabase",
                                            "type": "LinkedServiceReference"
                                        }
                                    }
                                ]
                            }
                        }
                    ]
                }
            }
        ],
        "parameters": {
            "SiteCode": {
                "type": "string"
            },
            "env": {
                "type": "string"
            },
            "LoadType": {
                "type": "string"
            }
        },
        "folder": {
            "name": "01-datamigration"
        },
        "annotations": [],
        "lastPublishTime": "2023-05-26T15:27:13Z"
    },
    "type": "Microsoft.DataFactory/factories/pipelines"
}