{
    "now": "2023-08-21T14:54:53.193Z",
    "perfNow": 257725.39999997616,
    "diagnosticCorrelation": "cef72a4a-0c37-410b-9e09-df59e1673e0c",
    "source": "DownloadSupportFiles",
    "environment": {
        "productName": "adf",
        "buildVersion": "1.0.081823.5",
        "environmentType": 3,
        "resourceName": "dfem4pbd001",
        "resourceRegion": "westeurope",
        "resourceGroup": "rgem4pbddf001",
        "subscriptionId": "6b10cbce-3802-47ef-a739-40e1bbd16a33",
        "sessionId": "bUA2nk3iVpZbPuUMjPX4cZ",
        "operationId": "",
        "gitType": "live",
        "loggingKey": "1b137c1d-7502-4694-8fbd-4abcb21a8df9"
    },
    "additionalInfo": {
        "selectedResource": "pl_master_sycle_migration",
        "selectedResourceType": "pipeline"
    }
}