{
    "name": "ds_excel_gen_sycle_dm_read",
    "properties": {
        "linkedServiceName": {
            "referenceName": "DefaultDataLake",
            "type": "LinkedServiceReference"
        },
        "parameters": {
            "p_container": {
                "type": "string",
                "defaultValue": "migration"
            },
            "p_folder": {
                "type": "string",
                "defaultValue": "/dev/temp"
            },
            "p_filename": {
                "type": "string",
                "defaultValue": "language_lookup.xlsx"
            },
            "p_sheet": {
                "type": "string",
                "defaultValue": "Sheet1"
            }
        },
        "folder": {
            "name": "01 - datamigration"
        },
        "annotations": [],
        "type": "Excel",
        "typeProperties": {
            "sheetName": {
                "value": "@dataset().p_sheet",
                "type": "Expression"
            },
            "location": {
                "type": "AzureBlobFSLocation",
                "fileName": {
                    "value": "@dataset().p_filename",
                    "type": "Expression"
                },
                "folderPath": {
                    "value": "@dataset().p_folder",
                    "type": "Expression"
                },
                "fileSystem": {
                    "value": "@dataset().p_container",
                    "type": "Expression"
                }
            },
            "firstRowAsHeader": true
        },
        "schema": [
            {
                "name": "db_language",
                "type": "String"
            },
            {
                "name": "tgt_language",
                "type": "String"
            }
        ]
    },
    "type": "Microsoft.DataFactory/factories/datasets"
}