{
    "$schema": "https://schema.management.azure.com/schemas/2015-01-01/deploymentParameters.json#",
    "contentVersion": "1.0.0.0",
    "parameters": {
        "factoryName": {
            "value": "dfem4sdf002"
        },
        "AmazonS3_secretAccessKey": {
            "value": ""
        },
        "BIDI_MYSQL_SFTP_passPhrase": {
            "value": ""
        },
        "MFT_sFTP_password": {
            "value": ""
        },
        "Open_acounts_sftp_passPhrase": {
            "value": ""
        },
        "SIS_MTRx_connectionString": {
            "value": "DefaultEndpointsProtocol=https;AccountName=stem4qclspint00;"
        },
        "cassiopeia_sftp_passPhrase": {
            "value": ""
        },
        "domstorage_connectionString": {
            "value": "DefaultEndpointsProtocol=https;AccountName=stem4dfdominvscanner001;"
        },
        "liab_nlrx_connectionString": {
            "value": ""
        },
        "ls_fileshare_datamig_connectionString": {
            "value": ""
        },
        "ls_storage_accountKey": {
            "value": ""
        },
        "overlord_full_connectionString": {
            "value": "Server=10.4.4.101;Port=3306;Database=overlord;User=root;SSLMode=1;UseSystemTrustStore=0"
        },
        "wink_sftp_passPhrase": {
            "value": ""
        },
        "AdobeSftp_properties_typeProperties_host": {
            "value": "specsavers-mkt-stage2.campaign.adobe.com"
        },
        "AdobeSftp_properties_typeProperties_userName": {
            "value": "specsavers"
        },
        "AdobeSftpDev_properties_typeProperties_host": {
            "value": "specsavers-mkt-dev1.campaign.adobe.com"
        },
        "AdobeSftpDev_properties_typeProperties_userName": {
            "value": "specsavers"
        },
        "AdobeSftpSIT_properties_typeProperties_host": {
            "value": "specsavers-mkt-stage5.campaign.adobe.com"
        },
        "AdobeSftpSIT_properties_typeProperties_userName": {
            "value": "specsavers"
        },
        "Adobe_Sftp_properties_typeProperties_host": {
            "value": "@{linkedService().host}"
        },
        "Adobe_Sftp_properties_typeProperties_userName": {
            "value": "specsavers"
        },
        "AmazonS3_properties_typeProperties_accessKeyId": {
            "value": "AKIAIJY4MB5OS24JNX7A"
        },
        "AnalystCluster_properties_typeProperties_host": {
            "value": "adb-3067915388771033.13.azuredatabricks.net"
        },
        "AnalystCluster_properties_typeProperties_username": {
            "value": "token"
        },
        "AnalystCluster_properties_typeProperties_httpPath": {
            "value": "sql/protocolv1/o/3067915388771033/0910-114555-fords55"
        },
        "AnalystWorkspace_properties_typeProperties_existingClusterId": {
            "value": "0910-114555-fords55"
        },
        "AzureKeyVault1_properties_typeProperties_baseUrl": {
            "value": "https://kvem4bigdatakeys002.vault.azure.net/"
        },
        "AzureSQLServer_SCE_arir_properties_typeProperties_connectionString_secretName": {
            "value": "SCE-AzureSQL-Server"
        },
        "BIDI_MYSQL_properties_typeProperties_connectionString_secretName": {
            "value": "BIDI-MySQL"
        },
        "BIDI_MYSQL_properties_typeProperties_userName": {
            "value": "root"
        },
        "BIDI_MYSQL_SFTP_properties_typeProperties_host": {
            "value": "10.2.5.232"
        },
        "BIDI_MYSQL_SFTP_properties_typeProperties_userName": {
            "value": "transfer"
        },
        "Blue Yonder_properties_typeProperties_connectionString_secretName": {
            "value": "@linkedService().kv_secret_name"
        },
        "CISCO_SFTP_properties_typeProperties_host": {
            "value": "10.4.52.24"
        },
        "CISCO_SFTP_properties_typeProperties_userName": {
            "value": "UCCXReports"
        },
        "CLSP NON Prod File Storage_properties_typeProperties_host": {
            "value": "\\\\stem4clspnonprd.file.core.windows.net\\nonproddmdebsfiles"
        },
        "CLSP NON Prod File Storage_properties_typeProperties_userId": {
            "value": "AZURE\\stem4clspnonprd"
        },
        "CLSP PROD File Storage_properties_typeProperties_host": {
            "value": "\\\\stem4clspprd.file.core.windows.net\\proddmdebsfiles"
        },
        "CLSP PROD File Storage_properties_typeProperties_userId": {
            "value": "AZURE\\stem4clspprd"
        },
        "DBR_11_3LTS_Test_properties_typeProperties_existingClusterId": {
            "value": "1116-094903-amm5edrp"
        },
        "Data_Science_ML_Studio_properties_typeProperties_subscriptionId": {
            "value": "6b10cbce-3802-47ef-a739-40e1bbd16a33"
        },
        "Data_Science_ML_Studio_properties_typeProperties_resourceGroupName": {
            "value": "rgem4pbdmlstudio001"
        },
        "Data_Science_ML_Studio_properties_typeProperties_servicePrincipalId": {
            "value": "36916825-f5db-46b6-9085-7d177c7a84d9"
        },
        "Data_Science_ML_Studio_properties_typeProperties_tenant": {
            "value": "cfd94e65-c6bc-4fa7-bbd0-c0f9ffcda1b4"
        },
        "DatabricksAPI_properties_typeProperties_url": {
            "value": "https://adb-963217415579381.1.azuredatabricks.net"
        },
        "DatabricksAPI_properties_typeProperties_userName": {
            "value": "token"
        },
        "DefaultDataLake_properties_typeProperties_url": {
            "value": "https://dfem4sdl002.dfs.core.windows.net"
        },
        "EBS_properties_typeProperties_connectionString_secretName": {
            "value": "@linkedService().kv_secret_name"
        },
        "EGAIN_SFTP_properties_typeProperties_host": {
            "value": "EGIRSFTP.EGAIN.CLOUD"
        },
        "EGAIN_SFTP_properties_typeProperties_userName": {
            "value": "$FTP&Specsavers"
        },
        "EU_Marketing_S3_properties_typeProperties_accessKeyId": {
            "value": "AKIAUEZ7MBYIVQZYSZMG"
        },
        "Epiphany_CLSP_file_storage_properties_typeProperties_host": {
            "value": "10.2.4.62"
        },
        "Epiphany_CLSP_file_storage_properties_typeProperties_userName": {
            "value": "clsp"
        },
        "JDA_LOL_properties_typeProperties_connectionString_secretName": {
            "value": "JDA-LOL"
        },
        "Jira_properties_typeProperties_host": {
            "value": "https://specsavers.atlassian.net/"
        },
        "Jira_properties_typeProperties_username": {
            "value": "jira-datalake-integration@specsavers.com"
        },
        "KeyedIn_properties_typeProperties_url": {
            "value": "https://api.keyedinprojects.co.uk/V3/api/report"
        },
        "KeyedIn_properties_typeProperties_userName": {
            "value": "api@specsavers.com"
        },
        "MASTER_MPP_properties_typeProperties_accessKeyId": {
            "value": "AKIA5PG6CK6O42UNDCUS"
        },
        "MFT_sFTP_properties_typeProperties_host": {
            "value": "odivip.co.ad.specsavers.com"
        },
        "MFT_sFTP_properties_typeProperties_userName": {
            "value": "aprecm"
        },
        "MI_MySQL_properties_typeProperties_connectionString_secretName": {
            "value": "mysql-mi-conn-string"
        },
        "MI_MySQL_properties_typeProperties_userName": {
            "value": "datateam"
        },
        "MPP_DEV_properties_typeProperties_accessKeyId": {
            "value": "AKIASPNFSX5BOIQJR6HY"
        },
        "Maze API_properties_typeProperties_url": {
            "value": "https://mymaze.com/API/Webservice/Export/Survey/GetSurveyData.aspx"
        },
        "NE_FB_properties_typeProperties_url": {
            "value": "@{linkedService().URL}"
        },
        "NavisionSweden_properties_typeProperties_connectionString_secretName": {
            "value": "NavisionSweden"
        },
        "NavisionSweden_properties_typeProperties_userName": {
            "value": "SVC-Datalake-Nav@sps"
        },
        "OAS_properties_typeProperties_connectionString_secretName": {
            "value": "OAS"
        },
        "OCH2_properties_typeProperties_connectionString_secretName": {
            "value": "OCH2"
        },
        "OCH2_SIT_properties_typeProperties_connectionString_secretName": {
            "value": "OCHSIT"
        },
        "Open_acounts_sftp_properties_typeProperties_host": {
            "value": "10.2.4.102"
        },
        "Open_acounts_sftp_properties_typeProperties_userName": {
            "value": "transfer"
        },
        "PowerBI_properties_typeProperties_url": {
            "value": "https://api.powerbi.com/v1.0/myorg/admin/"
        },
        "PowerBI_properties_typeProperties_aadResourceId": {
            "value": "https://analysis.windows.net/powerbi/api"
        },
        "SISBLob_properties_typeProperties_url": {
            "value": "https://dfem4sbl002.dfs.core.windows.net"
        },
        "ServiceNow_API_properties_typeProperties_url": {
            "value": "@{linkedService().p_base_url}"
        },
        "ServiceNow_API_properties_typeProperties_userName": {
            "value": "ms_data_lake.api"
        },
        "SupplyChain_MySQL_properties_typeProperties_connectionString_secretName": {
            "value": "mysql-dbaasem4psuppchain"
        },
        "SycleGeneric_properties_typeProperties_connectionString_secretName": {
            "value": "@linkedService().kv_secret_name"
        },
        "SycleUAT_properties_typeProperties_connectionString_secretName": {
            "value": "SycleUAT"
        },
        "VT_EBS_Connection_properties_typeProperties_connectionString_secretName": {
            "value": "@linkedService().kv_secret_name"
        },
        "XAL_properties_typeProperties_connectionString_secretName": {
            "value": "XAL"
        },
        "acousoft_sftp_properties_typeProperties_host": {
            "value": "sftp.acousoft.nl"
        },
        "acousoft_sftp_properties_typeProperties_userName": {
            "value": "pentaho"
        },
        "aurora_Rockit_properties_typeProperties_connectionString_secretName": {
            "value": "auroraRockit"
        },
        "cassiopeia_sftp_properties_typeProperties_host": {
            "value": "cassiopeia.gg.specsavers.com"
        },
        "cassiopeia_sftp_properties_typeProperties_userName": {
            "value": "transfer"
        },
        "defaultSQLdatabase_properties_typeProperties_connectionString_secretName": {
            "value": "defaultSQLdatabase"
        },
        "facebook_api_properties_typeProperties_url": {
            "value": "https://graph.facebook.com/@{linkedService().version_param}/act_@{linkedService().ad_account}/"
        },
        "footfall_data_properties_typeProperties_url": {
            "value": "https://vemcount.app/api/v3/"
        },
        "generaldatabrickscluster_properties_typeProperties_existingClusterId": {
            "value": "0910-114555-fords55"
        },
        "gg_wait_times_properties_typeProperties_connectionString_secretName": {
            "value": "gg-wait-times"
        },
        "infomedics_sftp_properties_typeProperties_host": {
            "value": "84.252.124.87"
        },
        "infomedics_sftp_properties_typeProperties_userName": {
            "value": "sftp_specsavers"
        },
        "injixo_api_properties_typeProperties_url": {
            "value": "https://legacy-api.injixo.com/v1"
        },
        "inventory_mysql_ls_properties_typeProperties_connectionString_secretName": {
            "value": "@linkedService().kv_secret_name"
        },
        "liab_mysql_properties_typeProperties_connectionString_secretName": {
            "value": "@linkedService().DBSOURCE"
        },
        "ls_mysql_gen_futurology_sycle_properties_typeProperties_connectionString_secretName": {
            "value": "@linkedService().ps_secret_key"
        },
        "ls_storage_properties_typeProperties_url": {
            "value": "https://dfem4sdl002.dfs.core.windows.net/"
        },
        "mediumdatabrickscluster_properties_typeProperties_existingClusterId": {
            "value": "0910-114555-fords55"
        },
        "miportal_mysql_preprod_properties_typeProperties_connectionString_secretName": {
            "value": "miportal-mysql-preprod"
        },
        "miportal_mysql_prod_properties_typeProperties_connectionString_secretName": {
            "value": "miportal-mysql-prod"
        },
        "mssql_shir_properties_typeProperties_connectionString_secretName": {
            "value": "@linkedService().p_kv_secret_name"
        },
        "ne_frame_inventory_properties_typeProperties_connectionString_secretName": {
            "value": "ne-frame-inventory-storage"
        },
        "ne_screener_properties_typeProperties_connectionString_secretName": {
            "value": "ne-screener-storage"
        },
        "ne_webhelp_sftp_properties_typeProperties_host": {
            "value": "194.103.94.26"
        },
        "ne_webhelp_sftp_properties_typeProperties_userName": {
            "value": "ext.x.specsavers"
        },
        "nitrogen_properties_typeProperties_host": {
            "value": "10.2.4.3"
        },
        "nitrogen_properties_typeProperties_userName": {
            "value": "davelp"
        },
        "overlord_properties_typeProperties_connectionString_secretName": {
            "value": "overlord"
        },
        "reddi_data_migration_properties_typeProperties_host": {
            "value": "10.2.5.247"
        },
        "reddi_data_migration_properties_typeProperties_userName": {
            "value": "portfolio"
        },
        "relesys_data_properties_typeProperties_url": {
            "value": "https://api.relesysapp.net/api/v1.1/"
        },
        "relesys_oauth_properties_typeProperties_url": {
            "value": "https://api.relesysapp.net/login/oauth/authorize"
        },
        "rest_anonymous_shir_properties_typeProperties_url": {
            "value": "@{linkedService().p_base_url}"
        },
        "symplify_sftp_properties_typeProperties_host": {
            "value": "storage.carmamail.com"
        },
        "symplify_sftp_properties_typeProperties_userName": {
            "value": "specsavers"
        },
        "tmp_Databricks_10_2_Runtime_properties_typeProperties_existingClusterId": {
            "value": "0804-075033-1kk29c6y"
        },
        "trintech_sftp_properties_typeProperties_host": {
            "value": "lonsftp.cadency.trintech.com"
        },
        "trintech_sftp_properties_typeProperties_userName": {
            "value": "specsavers"
        },
        "wink_sftp_properties_typeProperties_host": {
            "value": "13.88.254.237"
        },
        "wink_sftp_properties_typeProperties_userName": {
            "value": "SS-SFTP-01"
        },
        "yext_store_opening_times_properties_typeProperties_url": {
            "value": "@{linkedService().yext_api_url}"
        },
        "Error Logs_properties_typeProperties_scope": {
            "value": "/subscriptions/4797df16-a35e-4985-a58a-3369e708b633/resourceGroups/rgem4sbigdatalakes002/providers/Microsoft.Storage/storageAccounts/dfem4sdl002"
        },
        "GFS_ANZ_File_Trigger_properties_typeProperties_scope": {
            "value": "/subscriptions/4797df16-a35e-4985-a58a-3369e708b633/resourceGroups/rgem4sbigdatalakes002/providers/Microsoft.Storage/storageAccounts/dfem4sdl002"
        },
        "GFS_DOMI_File_Trigger_properties_typeProperties_scope": {
            "value": "/subscriptions/4797df16-a35e-4985-a58a-3369e708b633/resourceGroups/rgem4sbigdatalakes002/providers/Microsoft.Storage/storageAccounts/dfem4sdl002"
        },
        "dataFactory_properties_globalParameters_email_logic_app_endpoint_value": {
            "value": "https://prod-141.westeurope.logic.azure.com:443/workflows/16dc90f5376f4b9abb905a56036a9787/triggers/manual/paths/invoke?api-version=2016-10-01&sp=%2Ftriggers%2Fmanual%2Frun&sv=1.0&sig=h8MjnL-5PW4DrpqHsZVudrKXq4qiTimA1SyCqLjYRm4"
        },
        "dataFactory_properties_globalParameters_email_notifcation_endpoint_value": {
            "value": "f7e54dcd.specsavers.com@uk.teams.ms"
        },
        "dataFactory_properties_globalParameters_environment_name_value": {
            "value": "DEVELOPMENT"
        },
        "dataFactory_properties_globalParameters_mft_trigger_url_value": {
            "value": "https://mftuat.az.specsavers.com/mftapp/services/MFTEventService?WSDL"
        },
        "dataFactory_properties_globalParameters_datalake_storage_name_value": {
            "value": "dfem4sdl002"
        },
        "dataFactory_properties_globalParameters_datascience_email_notification_endpoint_value": {
            "value": "292a8656.specsavers.com@emea.teams.ms"
        },
        "dataFactory_properties_globalParameters_osb_endpoint_value": {
            "value": "https://osbpre.co.ad.specsavers.com/AudiologyCustomerUpdate/Audiology_PS"
        },
        "dataFactory_properties_globalParameters_big_data_key_vault_value": {
            "value": "https://kvem4bigdatakeys002.vault.azure.net"
        },
        "dataFactory_properties_globalConfigurations_PipelineBillingEnabled": {
            "value": "true"
        },
        "dataFactory_location": {
            "value": "westeurope"
        }
    }
}