{
    "name": "pl_ingest_syclemig_raw_to_fnd",
    "properties": {
        "description": "pl_ingest_sycle_src_to_raw",
        "activities": [
            {
                "name": "CNFG_RAW_TO_FND",
                "description": "Select the active records from config view to process raw to foundation data ingestion for the given site code as parameter ( Uk / XC/ ROI ) \n\nSELECT * FROM [audit_mig].[vw_raw_to_fnd] WHERE SiteCode='@{pipeline().parameters.SiteCode}'",
                "type": "Lookup",
                "dependsOn": [
                    {
                        "activity": "Generate Log",
                        "dependencyConditions": [
                            "Succeeded"
                        ]
                    }
                ],
                "policy": {
                    "timeout": "7.00:00:00",
                    "retry": 0,
                    "retryIntervalInSeconds": 30,
                    "secureOutput": false,
                    "secureInput": false
                },
                "userProperties": [],
                "typeProperties": {
                    "source": {
                        "type": "AzureSqlSource",
                        "sqlReaderStoredProcedureName": "[audit_mig].[spRawToFnd]",
                        "storedProcedureParameters": {
                            "env": {
                                "type": "String",
                                "value": {
                                    "value": "@pipeline().parameters.env",
                                    "type": "Expression"
                                }
                            },
                            "results": {
                                "type": "String",
                                "value": "null"
                            },
                            "sitecode": {
                                "type": "String",
                                "value": {
                                    "value": "@pipeline().parameters.SiteCode",
                                    "type": "Expression"
                                }
                            },
                            "LoadType": {
                                "type": "String",
                                "value": {
                                    "value": "@pipeline().parameters.LoadType",
                                    "type": "Expression"
                                }
                            }
                        },
                        "queryTimeout": "02:00:00",
                        "partitionOption": "None"
                    },
                    "dataset": {
                        "referenceName": "ds_asql_gen_sycle_dm_config",
                        "type": "DatasetReference",
                        "parameters": {
                            "p_schname": "audit_mig",
                            "p_tblname": "adf-datapipeline-config"
                        }
                    },
                    "firstRowOnly": false
                }
            },
            {
                "name": "ForEach-Raw-To-Foundation",
                "description": "Loop config",
                "type": "ForEach",
                "dependsOn": [
                    {
                        "activity": "CNFG_RAW_TO_FND",
                        "dependencyConditions": [
                            "Succeeded"
                        ]
                    }
                ],
                "userProperties": [],
                "typeProperties": {
                    "items": {
                        "value": "@activity('CNFG_RAW_TO_FND').output.value",
                        "type": "Expression"
                    },
                    "isSequential": false,
                    "batchCount": 5,
                    "activities": [
                        {
                            "name": "nb_raw_to_foundation",
                            "type": "DatabricksNotebook",
                            "dependsOn": [
                                {
                                    "activity": "Running_UpdateLog",
                                    "dependencyConditions": [
                                        "Succeeded"
                                    ]
                                }
                            ],
                            "policy": {
                                "timeout": "7.00:00:00",
                                "retry": 0,
                                "retryIntervalInSeconds": 30,
                                "secureOutput": false,
                                "secureInput": false
                            },
                            "userProperties": [],
                            "typeProperties": {
                                "notebookPath": "/data_migration/sycle_audiology/notebooks/data_ingestion_by_layer/nb_raw_to_foundation",
                                "baseParameters": {
                                    "FileDirectory": {
                                        "value": "@item().FileDirectory",
                                        "type": "Expression"
                                    },
                                    "FileName": {
                                        "value": "@item().FileName",
                                        "type": "Expression"
                                    },
                                    "FoundationSchema": {
                                        "value": "@item().FoundationSchema",
                                        "type": "Expression"
                                    },
                                    "LoadType": {
                                        "value": "@item().LoadType",
                                        "type": "Expression"
                                    },
                                    "Merge": {
                                        "value": "@item().Merge",
                                        "type": "Expression"
                                    },
                                    "BatchID": {
                                        "value": "@item().Batch_ID",
                                        "type": "Expression"
                                    },
                                    "BatchUpdateDate": {
                                        "value": "@item().Batch_Start_DateTime",
                                        "type": "Expression"
                                    }
                                }
                            },
                            "linkedServiceName": {
                                "referenceName": "mediumdatabrickscluster",
                                "type": "LinkedServiceReference"
                            }
                        },
                        {
                            "name": "Running_UpdateLog",
                            "type": "SqlServerStoredProcedure",
                            "dependsOn": [],
                            "policy": {
                                "timeout": "7.00:00:00",
                                "retry": 0,
                                "retryIntervalInSeconds": 30,
                                "secureOutput": false,
                                "secureInput": false
                            },
                            "userProperties": [],
                            "typeProperties": {
                                "storedProcedureName": "[audit_mig].[spdtplUpdateStatus]",
                                "storedProcedureParameters": {
                                    "PipelineRunId": {
                                        "value": {
                                            "value": "@pipeline().RunId",
                                            "type": "Expression"
                                        },
                                        "type": "String"
                                    },
                                    "ProcessFlag": {
                                        "value": "RAW-TO-FOUNDATION",
                                        "type": "String"
                                    },
                                    "ProcessName": {
                                        "value": {
                                            "value": "@item().SourceTable",
                                            "type": "Expression"
                                        },
                                        "type": "String"
                                    },
                                    "ProcessSchemaName": {
                                        "value": {
                                            "value": "@item().p_SourceSchema",
                                            "type": "Expression"
                                        },
                                        "type": "String"
                                    },
                                    "ProcessStatus": {
                                        "value": "Running",
                                        "type": "String"
                                    }
                                }
                            },
                            "linkedServiceName": {
                                "referenceName": "defaultSQLdatabase",
                                "type": "LinkedServiceReference"
                            }
                        },
                        {
                            "name": "If Condition1",
                            "type": "IfCondition",
                            "dependsOn": [
                                {
                                    "activity": "nb_raw_to_foundation",
                                    "dependencyConditions": [
                                        "Succeeded",
                                        "Failed"
                                    ]
                                }
                            ],
                            "userProperties": [],
                            "typeProperties": {
                                "expression": {
                                    "value": "@equals(activity('nb_raw_to_foundation').output.runoutput,'True')",
                                    "type": "Expression"
                                },
                                "ifFalseActivities": [
                                    {
                                        "name": "OnError_log",
                                        "type": "SqlServerStoredProcedure",
                                        "dependsOn": [],
                                        "policy": {
                                            "timeout": "7.00:00:00",
                                            "retry": 0,
                                            "retryIntervalInSeconds": 30,
                                            "secureOutput": false,
                                            "secureInput": false
                                        },
                                        "userProperties": [],
                                        "typeProperties": {
                                            "storedProcedureName": "[audit_mig].[spdtplUpdateStatus]",
                                            "storedProcedureParameters": {
                                                "PipelineRunId": {
                                                    "value": {
                                                        "value": "@pipeline().RunId",
                                                        "type": "Expression"
                                                    },
                                                    "type": "String"
                                                },
                                                "ProcessFlag": {
                                                    "value": {
                                                        "value": "RAW-TO-FOUNDATION",
                                                        "type": "Expression"
                                                    },
                                                    "type": "String"
                                                },
                                                "ProcessName": {
                                                    "value": {
                                                        "value": "@item().SourceTable",
                                                        "type": "Expression"
                                                    },
                                                    "type": "String"
                                                },
                                                "ProcessSchemaName": {
                                                    "value": {
                                                        "value": "@item().p_SourceSchema",
                                                        "type": "Expression"
                                                    },
                                                    "type": "String"
                                                },
                                                "ProcessStatus": {
                                                    "value": {
                                                        "value": "Failure",
                                                        "type": "Expression"
                                                    },
                                                    "type": "String"
                                                }
                                            }
                                        },
                                        "linkedServiceName": {
                                            "referenceName": "defaultSQLdatabase",
                                            "type": "LinkedServiceReference"
                                        }
                                    }
                                ],
                                "ifTrueActivities": [
                                    {
                                        "name": "OnSuccess_Log",
                                        "type": "SqlServerStoredProcedure",
                                        "dependsOn": [],
                                        "policy": {
                                            "timeout": "7.00:00:00",
                                            "retry": 0,
                                            "retryIntervalInSeconds": 30,
                                            "secureOutput": false,
                                            "secureInput": false
                                        },
                                        "userProperties": [],
                                        "typeProperties": {
                                            "storedProcedureName": "[audit_mig].[spdtplUpdateStatus]",
                                            "storedProcedureParameters": {
                                                "PipelineRunId": {
                                                    "value": {
                                                        "value": "@pipeline().RunId",
                                                        "type": "Expression"
                                                    },
                                                    "type": "String"
                                                },
                                                "ProcessFlag": {
                                                    "value": {
                                                        "value": "RAW-TO-FOUNDATION",
                                                        "type": "Expression"
                                                    },
                                                    "type": "String"
                                                },
                                                "ProcessName": {
                                                    "value": {
                                                        "value": "@item().SourceTable",
                                                        "type": "Expression"
                                                    },
                                                    "type": "String"
                                                },
                                                "ProcessSchemaName": {
                                                    "value": {
                                                        "value": "@item().p_SourceSchema",
                                                        "type": "Expression"
                                                    },
                                                    "type": "String"
                                                },
                                                "ProcessStatus": {
                                                    "value": "Success",
                                                    "type": "String"
                                                }
                                            }
                                        },
                                        "linkedServiceName": {
                                            "referenceName": "defaultSQLdatabase",
                                            "type": "LinkedServiceReference"
                                        }
                                    }
                                ]
                            }
                        }
                    ]
                }
            },
            {
                "name": "Generate Log",
                "description": "Invoke the stored proc [audit_mig].[spdtplInsertStatus] ",
                "type": "SqlServerStoredProcedure",
                "dependsOn": [],
                "policy": {
                    "timeout": "7.00:00:00",
                    "retry": 0,
                    "retryIntervalInSeconds": 30,
                    "secureOutput": false,
                    "secureInput": false
                },
                "userProperties": [],
                "typeProperties": {
                    "storedProcedureName": "[audit_mig].[spdtplInsertStatus]",
                    "storedProcedureParameters": {
                        "AdfPipeLineRunid": {
                            "value": {
                                "value": "@pipeline().RunId",
                                "type": "Expression"
                            },
                            "type": "String"
                        },
                        "DataFactoryName": {
                            "value": {
                                "value": "@pipeline().DataFactory",
                                "type": "Expression"
                            },
                            "type": "String"
                        },
                        "ProcessName": {
                            "value": "RAW-TO-FOUNDATION",
                            "type": "String"
                        },
                        "SiteCode": {
                            "value": {
                                "value": "@pipeline().parameters.SiteCode",
                                "type": "Expression"
                            },
                            "type": "String"
                        }
                    }
                },
                "linkedServiceName": {
                    "referenceName": "defaultSQLdatabase",
                    "type": "LinkedServiceReference"
                }
            }
        ],
        "parameters": {
            "SiteCode": {
                "type": "string"
            },
            "env": {
                "type": "string"
            },
            "LoadType": {
                "type": "string"
            }
        },
        "folder": {
            "name": "01-datamigration"
        },
        "annotations": []
    }
}