{
    "name": "pl_master_sycle_migration",
    "properties": {
        "activities": [
            {
                "name": "getNewBatchID",
                "description": "Initialize_BatchID\n",
                "type": "Lookup",
                "dependsOn": [],
                "policy": {
                    "timeout": "7.00:00:00",
                    "retry": 0,
                    "retryIntervalInSeconds": 30,
                    "secureOutput": false,
                    "secureInput": false
                },
                "userProperties": [],
                "typeProperties": {
                    "source": {
                        "type": "AzureSqlSource",
                        "sqlReaderQuery": {
                            "value": "DECLARE @rtnval varchar(20);\nEXEC [audit_mig].[spBatchInsertUpdate] 'START', @{concat('''',pipeline().parameters.SiteCode,'''')}  ,  @rtnval output\nSELECT @rtnval as data;\n",
                            "type": "Expression"
                        },
                        "queryTimeout": "02:00:00",
                        "partitionOption": "None"
                    },
                    "dataset": {
                        "referenceName": "ds_asql_gen_sycle_dm_config",
                        "type": "DatasetReference",
                        "parameters": {
                            "p_schname": "audit_mig",
                            "p_tblname": "adf-datapipeline-config"
                        }
                    }
                }
            },
            {
                "name": "Set BatchID Output",
                "description": "Set the local execution Id to a pipeline variable for each in several downstream activities.",
                "type": "SetVariable",
                "dependsOn": [
                    {
                        "activity": "getNewBatchID",
                        "dependencyConditions": [
                            "Succeeded"
                        ]
                    }
                ],
                "policy": {
                    "secureOutput": false,
                    "secureInput": false
                },
                "userProperties": [],
                "typeProperties": {
                    "variableName": "data",
                    "value": {
                        "value": "@activity('getNewBatchID').output.firstRow.data",
                        "type": "Expression"
                    }
                }
            },
            {
                "name": "Is Batch Output Validate",
                "description": "Is Target Worker Validate True/False",
                "type": "IfCondition",
                "dependsOn": [
                    {
                        "activity": "Set BatchID Output",
                        "dependencyConditions": [
                            "Succeeded"
                        ]
                    }
                ],
                "userProperties": [],
                "typeProperties": {
                    "expression": {
                        "value": "@equals(variables('data'),'1')",
                        "type": "Expression"
                    },
                    "ifFalseActivities": [
                        {
                            "name": "Wait2",
                            "type": "Wait",
                            "dependsOn": [],
                            "userProperties": [],
                            "typeProperties": {
                                "waitTimeInSeconds": 1
                            }
                        }
                    ],
                    "ifTrueActivities": [
                        {
                            "name": "exec src to raw",
                            "type": "ExecutePipeline",
                            "dependsOn": [
                                {
                                    "activity": "RUN_RAW_BATCH",
                                    "dependencyConditions": [
                                        "Succeeded"
                                    ]
                                }
                            ],
                            "userProperties": [],
                            "typeProperties": {
                                "pipeline": {
                                    "referenceName": "pl_ingest_syclemig_src_to_raw",
                                    "type": "PipelineReference"
                                },
                                "waitOnCompletion": true,
                                "parameters": {
                                    "SiteCode": {
                                        "value": "@pipeline().parameters.SiteCode",
                                        "type": "Expression"
                                    },
                                    "env": {
                                        "value": "@pipeline().parameters.env",
                                        "type": "Expression"
                                    }
                                }
                            }
                        },
                        {
                            "name": "COMPLETE_RAW_BATCH",
                            "description": "RAW_COMPLETE\nRAW_RUN",
                            "type": "Lookup",
                            "dependsOn": [
                                {
                                    "activity": "exec src to raw",
                                    "dependencyConditions": [
                                        "Succeeded"
                                    ]
                                }
                            ],
                            "policy": {
                                "timeout": "7.00:00:00",
                                "retry": 0,
                                "retryIntervalInSeconds": 30,
                                "secureOutput": false,
                                "secureInput": false
                            },
                            "userProperties": [],
                            "typeProperties": {
                                "source": {
                                    "type": "AzureSqlSource",
                                    "sqlReaderQuery": {
                                        "value": "DECLARE @rtnval varchar(20);\nEXEC [audit_mig].[spBatchInsertUpdate] 'RAW_COMPLETE',@{concat('''',pipeline().parameters.SiteCode,'''')}  ,    @rtnval output\nSELECT @rtnval as data;",
                                        "type": "Expression"
                                    },
                                    "queryTimeout": "02:00:00",
                                    "partitionOption": "None"
                                },
                                "dataset": {
                                    "referenceName": "ds_asql_gen_sycle_dm_config",
                                    "type": "DatasetReference",
                                    "parameters": {
                                        "p_schname": "audit_mig",
                                        "p_tblname": "adf-datapipeline-config"
                                    }
                                }
                            }
                        },
                        {
                            "name": "RUN_RAW_BATCH",
                            "description": "RAW_COMPLETE\nRAW_RUN",
                            "type": "Lookup",
                            "dependsOn": [],
                            "policy": {
                                "timeout": "7.00:00:00",
                                "retry": 0,
                                "retryIntervalInSeconds": 30,
                                "secureOutput": false,
                                "secureInput": false
                            },
                            "userProperties": [],
                            "typeProperties": {
                                "source": {
                                    "type": "AzureSqlSource",
                                    "sqlReaderQuery": {
                                        "value": "DECLARE @rtnval varchar(20);\nEXEC [audit_mig].[spBatchInsertUpdate] 'RAW_RUN', @{concat('''',pipeline().parameters.SiteCode,'''')}, @rtnval output\nSELECT @rtnval as data;",
                                        "type": "Expression"
                                    },
                                    "queryTimeout": "02:00:00",
                                    "partitionOption": "None"
                                },
                                "dataset": {
                                    "referenceName": "ds_asql_gen_sycle_dm_config",
                                    "type": "DatasetReference",
                                    "parameters": {
                                        "p_schname": "audit_mig",
                                        "p_tblname": "adf-datapipeline-config"
                                    }
                                }
                            }
                        },
                        {
                            "name": "RUN_FND_BATCH",
                            "description": "RAW_COMPLETE\nRAW_RUN",
                            "type": "Lookup",
                            "dependsOn": [
                                {
                                    "activity": "COMPLETE_RAW_BATCH",
                                    "dependencyConditions": [
                                        "Succeeded"
                                    ]
                                }
                            ],
                            "policy": {
                                "timeout": "7.00:00:00",
                                "retry": 0,
                                "retryIntervalInSeconds": 30,
                                "secureOutput": false,
                                "secureInput": false
                            },
                            "userProperties": [],
                            "typeProperties": {
                                "source": {
                                    "type": "AzureSqlSource",
                                    "sqlReaderQuery": {
                                        "value": "DECLARE @rtnval varchar(20);\nEXEC [audit_mig].[spBatchInsertUpdate] 'FND_RUN', @{concat('''',pipeline().parameters.SiteCode,'''')}  ,   @rtnval output\nSELECT @rtnval as data;",
                                        "type": "Expression"
                                    },
                                    "queryTimeout": "02:00:00",
                                    "partitionOption": "None"
                                },
                                "dataset": {
                                    "referenceName": "ds_asql_gen_sycle_dm_config",
                                    "type": "DatasetReference",
                                    "parameters": {
                                        "p_schname": "audit_mig",
                                        "p_tblname": "adf-datapipeline-config"
                                    }
                                }
                            }
                        },
                        {
                            "name": "exec raw to foundation",
                            "type": "ExecutePipeline",
                            "dependsOn": [
                                {
                                    "activity": "RUN_FND_BATCH",
                                    "dependencyConditions": [
                                        "Succeeded"
                                    ]
                                }
                            ],
                            "userProperties": [],
                            "typeProperties": {
                                "pipeline": {
                                    "referenceName": "pl_ingest_syclemig_raw_to_fnd",
                                    "type": "PipelineReference"
                                },
                                "waitOnCompletion": true,
                                "parameters": {
                                    "SiteCode": {
                                        "value": "@pipeline().parameters.SiteCode",
                                        "type": "Expression"
                                    },
                                    "env": {
                                        "value": "@pipeline().parameters.env",
                                        "type": "Expression"
                                    },
                                    "LoadType": {
                                        "value": "@pipeline().parameters.LoadType",
                                        "type": "Expression"
                                    }
                                }
                            }
                        },
                        {
                            "name": "COMPLETE_FND_BATCH",
                            "description": "RAW_COMPLETE\nRAW_RUN",
                            "type": "Lookup",
                            "dependsOn": [
                                {
                                    "activity": "exec raw to foundation",
                                    "dependencyConditions": [
                                        "Succeeded"
                                    ]
                                }
                            ],
                            "policy": {
                                "timeout": "7.00:00:00",
                                "retry": 0,
                                "retryIntervalInSeconds": 30,
                                "secureOutput": false,
                                "secureInput": false
                            },
                            "userProperties": [],
                            "typeProperties": {
                                "source": {
                                    "type": "AzureSqlSource",
                                    "sqlReaderQuery": {
                                        "value": "DECLARE @rtnval varchar(20);\nEXEC [audit_mig].[spBatchInsertUpdate] 'FND_COMPLETE', @{concat('''',pipeline().parameters.SiteCode,'''')}  , @rtnval output\nSELECT @rtnval as data;",
                                        "type": "Expression"
                                    },
                                    "queryTimeout": "02:00:00",
                                    "partitionOption": "None"
                                },
                                "dataset": {
                                    "referenceName": "ds_asql_gen_sycle_dm_config",
                                    "type": "DatasetReference",
                                    "parameters": {
                                        "p_schname": "audit_mig",
                                        "p_tblname": "adf-datapipeline-config"
                                    }
                                }
                            }
                        },
                        {
                            "name": "RUN_TRST_BATCH",
                            "description": "RAW_COMPLETE\nRAW_RUN",
                            "type": "Lookup",
                            "dependsOn": [
                                {
                                    "activity": "COMPLETE_FND_BATCH",
                                    "dependencyConditions": [
                                        "Succeeded"
                                    ]
                                }
                            ],
                            "policy": {
                                "timeout": "7.00:00:00",
                                "retry": 0,
                                "retryIntervalInSeconds": 30,
                                "secureOutput": false,
                                "secureInput": false
                            },
                            "userProperties": [],
                            "typeProperties": {
                                "source": {
                                    "type": "AzureSqlSource",
                                    "sqlReaderQuery": {
                                        "value": "DECLARE @rtnval varchar(20);\nEXEC [audit_mig].[spBatchInsertUpdate] 'TRST_RUN',  @{concat('''',pipeline().parameters.SiteCode,'''')}  , @rtnval output\nSELECT @rtnval as data;",
                                        "type": "Expression"
                                    },
                                    "queryTimeout": "02:00:00",
                                    "partitionOption": "None"
                                },
                                "dataset": {
                                    "referenceName": "ds_asql_gen_sycle_dm_config",
                                    "type": "DatasetReference",
                                    "parameters": {
                                        "p_schname": "audit_mig",
                                        "p_tblname": "adf-datapipeline-config"
                                    }
                                }
                            }
                        },
                        {
                            "name": "exec fnd to trusted",
                            "type": "ExecutePipeline",
                            "dependsOn": [
                                {
                                    "activity": "RUN_TRST_BATCH",
                                    "dependencyConditions": [
                                        "Succeeded"
                                    ]
                                }
                            ],
                            "userProperties": [],
                            "typeProperties": {
                                "pipeline": {
                                    "referenceName": "pl_ingest_syclemig_fnd_to_trusted",
                                    "type": "PipelineReference"
                                },
                                "waitOnCompletion": true,
                                "parameters": {
                                    "SiteCode": {
                                        "value": "@pipeline().parameters.SiteCode",
                                        "type": "Expression"
                                    },
                                    "env": {
                                        "value": "@pipeline().parameters.env",
                                        "type": "Expression"
                                    },
                                    "LoadType": {
                                        "value": "@pipeline().parameters.LoadType",
                                        "type": "Expression"
                                    }
                                }
                            }
                        },
                        {
                            "name": "COMPLETE_TRUST_BATCH",
                            "description": "RAW_COMPLETE\nRAW_RUN",
                            "type": "Lookup",
                            "dependsOn": [
                                {
                                    "activity": "exec fnd to trusted",
                                    "dependencyConditions": [
                                        "Succeeded"
                                    ]
                                }
                            ],
                            "policy": {
                                "timeout": "7.00:00:00",
                                "retry": 0,
                                "retryIntervalInSeconds": 30,
                                "secureOutput": false,
                                "secureInput": false
                            },
                            "userProperties": [],
                            "typeProperties": {
                                "source": {
                                    "type": "AzureSqlSource",
                                    "sqlReaderQuery": {
                                        "value": "DECLARE @rtnval varchar(20);\nEXEC [audit_mig].[spBatchInsertUpdate] 'TRST_COMPLETE', @{concat('''',pipeline().parameters.SiteCode,'''')}  ,  @rtnval output\nSELECT @rtnval as data;",
                                        "type": "Expression"
                                    },
                                    "queryTimeout": "02:00:00",
                                    "partitionOption": "None"
                                },
                                "dataset": {
                                    "referenceName": "ds_asql_gen_sycle_dm_config",
                                    "type": "DatasetReference",
                                    "parameters": {
                                        "p_schname": "audit_mig",
                                        "p_tblname": "adf-datapipeline-config"
                                    }
                                }
                            }
                        },
                        {
                            "name": "RUN_UNIFIED_BATCH",
                            "description": "RAW_COMPLETE\nRAW_RUN",
                            "type": "Lookup",
                            "dependsOn": [
                                {
                                    "activity": "COMPLETE_TRUST_BATCH",
                                    "dependencyConditions": [
                                        "Succeeded"
                                    ]
                                }
                            ],
                            "policy": {
                                "timeout": "7.00:00:00",
                                "retry": 0,
                                "retryIntervalInSeconds": 30,
                                "secureOutput": false,
                                "secureInput": false
                            },
                            "userProperties": [],
                            "typeProperties": {
                                "source": {
                                    "type": "AzureSqlSource",
                                    "sqlReaderQuery": {
                                        "value": "DECLARE @rtnval varchar(20);\nEXEC [audit_mig].[spBatchInsertUpdate] 'UNIFIED_RUN',  @{concat('''',pipeline().parameters.SiteCode,'''')}  , @rtnval output\nSELECT @rtnval as data;",
                                        "type": "Expression"
                                    },
                                    "queryTimeout": "02:00:00",
                                    "partitionOption": "None"
                                },
                                "dataset": {
                                    "referenceName": "ds_asql_gen_sycle_dm_config",
                                    "type": "DatasetReference",
                                    "parameters": {
                                        "p_schname": "audit_mig",
                                        "p_tblname": "adf-datapipeline-config"
                                    }
                                }
                            }
                        },
                        {
                            "name": "COMPLETE_UNIFIED_BATCH",
                            "description": "RAW_COMPLETE\nRAW_RUN",
                            "type": "Lookup",
                            "dependsOn": [
                                {
                                    "activity": "Create Trigger File",
                                    "dependencyConditions": [
                                        "Succeeded"
                                    ]
                                }
                            ],
                            "policy": {
                                "timeout": "7.00:00:00",
                                "retry": 0,
                                "retryIntervalInSeconds": 30,
                                "secureOutput": false,
                                "secureInput": false
                            },
                            "userProperties": [],
                            "typeProperties": {
                                "source": {
                                    "type": "AzureSqlSource",
                                    "sqlReaderQuery": {
                                        "value": "DECLARE @rtnval varchar(20);\nEXEC [audit_mig].[spBatchInsertUpdate] 'UNIFIED_COMPLETE', @{concat('''',pipeline().parameters.SiteCode,'''')}  ,  @rtnval output\nSELECT @rtnval as data;",
                                        "type": "Expression"
                                    },
                                    "queryTimeout": "02:00:00",
                                    "partitionOption": "None"
                                },
                                "dataset": {
                                    "referenceName": "ds_asql_gen_sycle_dm_config",
                                    "type": "DatasetReference",
                                    "parameters": {
                                        "p_schname": "audit_mig",
                                        "p_tblname": "adf-datapipeline-config"
                                    }
                                }
                            }
                        },
                        {
                            "name": "exec_trusted_to_unified",
                            "type": "ExecutePipeline",
                            "dependsOn": [
                                {
                                    "activity": "RUN_UNIFIED_BATCH",
                                    "dependencyConditions": [
                                        "Succeeded"
                                    ]
                                }
                            ],
                            "userProperties": [],
                            "typeProperties": {
                                "pipeline": {
                                    "referenceName": "pl_ingest_syclemig_trusted_to_unified",
                                    "type": "PipelineReference"
                                },
                                "waitOnCompletion": true,
                                "parameters": {
                                    "SiteCode": {
                                        "value": "@pipeline().parameters.SiteCode",
                                        "type": "Expression"
                                    },
                                    "env": {
                                        "value": "@pipeline().parameters.env",
                                        "type": "Expression"
                                    },
                                    "LoadType": {
                                        "value": "@pipeline().parameters.LoadType",
                                        "type": "Expression"
                                    }
                                }
                            }
                        },
                        {
                            "name": "Create Trigger File",
                            "type": "DatabricksNotebook",
                            "dependsOn": [
                                {
                                    "activity": "exec_trusted_to_unified",
                                    "dependencyConditions": [
                                        "Succeeded"
                                    ]
                                }
                            ],
                            "policy": {
                                "timeout": "0.12:00:00",
                                "retry": 0,
                                "retryIntervalInSeconds": 30,
                                "secureOutput": false,
                                "secureInput": false
                            },
                            "userProperties": [],
                            "typeProperties": {
                                "notebookPath": "/data_migration/sycle_audiology/notebooks/data_ingestion_by_layer/nb_create_trigger_file",
                                "baseParameters": {
                                    "FileName": "DeltaInputFolder.txt",
                                    "FilePath": "/mnt/auditdata-uk/inbox/",
                                    "LoadType": {
                                        "value": "@pipeline().parameters.LoadType",
                                        "type": "Expression"
                                    }
                                }
                            },
                            "linkedServiceName": {
                                "referenceName": "mediumdatabrickscluster",
                                "type": "LinkedServiceReference"
                            }
                        }
                    ]
                }
            }
        ],
        "parameters": {
            "SiteCode": {
                "type": "string",
                "defaultValue": "UK"
            },
            "env": {
                "type": "string",
                "defaultValue": "dev"
            },
            "LoadType": {
                "type": "string",
                "defaultValue": "F"
            }
        },
        "variables": {
            "data": {
                "type": "String"
            }
        },
        "folder": {
            "name": "01-datamigration"
        },
        "annotations": []
    }
}