{
    "$schema": "http://schema.management.azure.com/schemas/2015-01-01/deploymentTemplate.json#",
    "contentVersion": "1.0.0.0",
    "parameters": {
        "factoryName": {
            "type": "string",
            "metadata": "Data Factory name",
            "defaultValue": "dfem4sdf002"
        },
        "dataFactory_properties_globalParameters_email_logic_app_endpoint_value": {
            "type": "string",
            "defaultValue": "https://prod-141.westeurope.logic.azure.com:443/workflows/16dc90f5376f4b9abb905a56036a9787/triggers/manual/paths/invoke?api-version=2016-10-01&sp=%2Ftriggers%2Fmanual%2Frun&sv=1.0&sig=h8MjnL-5PW4DrpqHsZVudrKXq4qiTimA1SyCqLjYRm4"
        },
        "dataFactory_properties_globalParameters_email_notifcation_endpoint_value": {
            "type": "string",
            "defaultValue": "f7e54dcd.specsavers.com@uk.teams.ms"
        },
        "dataFactory_properties_globalParameters_environment_name_value": {
            "type": "string",
            "defaultValue": "DEVELOPMENT"
        },
        "dataFactory_properties_globalParameters_mft_trigger_url_value": {
            "type": "string",
            "defaultValue": "https://mftuat.az.specsavers.com/mftapp/services/MFTEventService?WSDL"
        },
        "dataFactory_properties_globalParameters_datalake_storage_name_value": {
            "type": "string",
            "defaultValue": "dfem4sdl002"
        },
        "dataFactory_properties_globalParameters_datascience_email_notification_endpoint_value": {
            "type": "string",
            "defaultValue": "292a8656.specsavers.com@emea.teams.ms"
        },
        "dataFactory_properties_globalParameters_osb_endpoint_value": {
            "type": "string",
            "defaultValue": "https://osbpre.co.ad.specsavers.com/AudiologyCustomerUpdate/Audiology_PS"
        },
        "dataFactory_properties_globalParameters_big_data_key_vault_value": {
            "type": "string",
            "defaultValue": "https://kvem4bigdatakeys002.vault.azure.net"
        },
        "dataFactory_properties_globalConfigurations_PipelineBillingEnabled": {
            "type": "string",
            "defaultValue": "true"
        },
        "dataFactory_location": {
            "type": "string",
            "defaultValue": "westeurope"
        }
    },
    "variables": {
        "factoryId": "[concat('Microsoft.DataFactory/factories/', parameters('factoryName'))]"
    },
    "resources": [
        {
            "name": "[parameters('factoryName')]",
            "type": "Microsoft.DataFactory/factories",
            "apiVersion": "2018-06-01",
            "properties": {
                "globalParameters": {
                    "email_logic_app_endpoint": {
                        "type": "string",
                        "value": "[parameters('dataFactory_properties_globalParameters_email_logic_app_endpoint_value')]"
                    },
                    "email_notifcation_endpoint": {
                        "type": "string",
                        "value": "[parameters('dataFactory_properties_globalParameters_email_notifcation_endpoint_value')]"
                    },
                    "environment_name": {
                        "type": "string",
                        "value": "[parameters('dataFactory_properties_globalParameters_environment_name_value')]"
                    },
                    "mft_trigger_url": {
                        "type": "string",
                        "value": "[parameters('dataFactory_properties_globalParameters_mft_trigger_url_value')]"
                    },
                    "datalake_storage_name": {
                        "type": "string",
                        "value": "[parameters('dataFactory_properties_globalParameters_datalake_storage_name_value')]"
                    },
                    "datascience_email_notification_endpoint": {
                        "type": "string",
                        "value": "[parameters('dataFactory_properties_globalParameters_datascience_email_notification_endpoint_value')]"
                    },
                    "osb_endpoint": {
                        "type": "string",
                        "value": "[parameters('dataFactory_properties_globalParameters_osb_endpoint_value')]"
                    },
                    "big_data_key_vault": {
                        "type": "string",
                        "value": "[parameters('dataFactory_properties_globalParameters_big_data_key_vault_value')]"
                    }
                },
                "globalConfigurations": {
                    "PipelineBillingEnabled": "[parameters('dataFactory_properties_globalConfigurations_PipelineBillingEnabled')]"
                }
            },
            "dependsOn": [],
            "location": "[parameters('dataFactory_location')]"
        }
    ]
}