{
    "$schema": "https://schema.management.azure.com/schemas/2015-01-01/deploymentParameters.json#",
    "contentVersion": "1.0.0.0",
    "parameters": {
        "factoryName": {
            "value": "dfem4sdf002"
        },
        "dataFactory_properties_globalParameters_email_logic_app_endpoint_value": {
            "value": "https://prod-141.westeurope.logic.azure.com:443/workflows/16dc90f5376f4b9abb905a56036a9787/triggers/manual/paths/invoke?api-version=2016-10-01&sp=%2Ftriggers%2Fmanual%2Frun&sv=1.0&sig=h8MjnL-5PW4DrpqHsZVudrKXq4qiTimA1SyCqLjYRm4"
        },
        "dataFactory_properties_globalParameters_email_notifcation_endpoint_value": {
            "value": "f7e54dcd.specsavers.com@uk.teams.ms"
        },
        "dataFactory_properties_globalParameters_environment_name_value": {
            "value": "DEVELOPMENT"
        },
        "dataFactory_properties_globalParameters_mft_trigger_url_value": {
            "value": "https://mftuat.az.specsavers.com/mftapp/services/MFTEventService?WSDL"
        },
        "dataFactory_properties_globalParameters_datalake_storage_name_value": {
            "value": "dfem4sdl002"
        },
        "dataFactory_properties_globalParameters_datascience_email_notification_endpoint_value": {
            "value": "292a8656.specsavers.com@emea.teams.ms"
        },
        "dataFactory_properties_globalParameters_osb_endpoint_value": {
            "value": "https://osbpre.co.ad.specsavers.com/AudiologyCustomerUpdate/Audiology_PS"
        },
        "dataFactory_properties_globalParameters_big_data_key_vault_value": {
            "value": "https://kvem4bigdatakeys002.vault.azure.net"
        },
        "dataFactory_properties_globalConfigurations_PipelineBillingEnabled": {
            "value": "true"
        },
        "dataFactory_location": {
            "value": "westeurope"
        }
    }
}