{
    "name": "ls_mysql_gen_futurology_sycle",
    "type": "Microsoft.DataFactory/factories/linkedservices",
    "properties": {
        "description": "This connection is for the below secrets \n-\tfuturology-sycle-uk\n-\tfuturology-sycle-roi\n",
        "parameters": {
            "ps_secret_key": {
                "type": "string",
                "defaultValue": "futurology-sycle-uk"
            }
        },
        "annotations": [],
        "type": "MySql",
        "typeProperties": {
            "connectionString": {
                "type": "AzureKeyVaultSecret",
                "store": {
                    "referenceName": "AzureKeyVault1",
                    "type": "LinkedServiceReference"
                },
                "secretName": {
                    "value": "@linkedService().ps_secret_key",
                    "type": "Expression"
                }
            }
        },
        "connectVia": {
            "referenceName": "SHIR-BigData-Audiology",
            "type": "IntegrationRuntimeReference"
        }
    }
}